TCGplayer Id,Product Line,Set Name,Product Name,Title,Number,Rarity,Condition,TCG Market Price,TCG Direct Low,TCG Low Price With Shipping,TCG Low Price,Total Quantity,Add to Quantity,TCG Marketplace Price,Photo URL
"8881801","Magic","Avatar: The Last Airbender","Aang's Iceberg","","5","R","Near Mint","0.59","0.96","1.5600","0.2500","0","0","0.2500",""
"8883585","Magic","Avatar: The Last Airbender","Aang's Journey","","1","C","Near Mint","0.23","0.01","1.3200","0.0100","1","0","0.1500",""
"8889682","Magic","Avatar: The Last Airbender","Abandon Attachments","","205","C","Near Mint","0.24","","1.3600","0.0500","0","0","0.1500",""
"8973862","Magic","Avatar: The Last Airbender","Airbender Ascension","","6","R","Near Mint","1.43","2.77","2.1400","0.8300","0","0","0.7300",""
"9004821","Magic","Avatar: The Last Airbender","Airbender's Reversal","","7","U","Near Mint","0.32","0.15","1.3600","0.0500","1","0","0.1500",""
"9021662","Magic","Avatar: The Last Airbender","Ally (0004) // Clue (0015) Double-Sided Token","","4 // 15","T","Near Mint","0.13","0.02","1.3200","0.0100","1","0","0.1500",""
"9021852","Magic","Avatar: The Last Airbender","Ally (0007) // Clue (0018) Double-Sided Token","","7 // 18","T","Near Mint","0.19","0.09","1.3200","0.0100","1","0","0.1500",""
"8988316","Magic","Avatar: The Last Airbender","Bumi Bash","","125","C","Near Mint","0.11","0.01","1.3200","0.0100","1","0","0.1500",""
"8891927","Magic","Avatar: The Last Airbender","Buzzard-Wasp Colony","","88","U","Near Mint","0.07","0.01","1.3200","0.0100","1","0","0.1500",""
"8890477","Magic","Avatar: The Last Airbender","Cat-Owl","","212","C","Near Mint","0.15","0.01","1.3200","0.0100","1","0","0.1500",""
"8981542","Magic","Avatar: The Last Airbender","Compassionate Healer","","13","C","Near Mint","0.15","0.01","1.3200","0.0100","1","0","0.1500",""
"8891263","Magic","Avatar: The Last Airbender","Corrupt Court Official","","92","C","Near Mint","0.06","0.01","1.3200","0.0100","1","0","0.1500",""
"8977592","Magic","Avatar: The Last Airbender","Cycle of Renewal","","170","C","Near Mint","0.23","0.10","1.3300","0.0200","0","0","0.1500",""
"8892351","Magic","Avatar: The Last Airbender","Earth Village Ruffians","","219","C","Near Mint","0.05","0.01","1.3200","0.0100","1","0","0.1500",""
"8978532","Magic","Avatar: The Last Airbender","Energybending","","2","U","Near Mint","0.30","0.22","1.3400","0.0300","0","0","0.1500",""
"8978537","Magic","Avatar: The Last Airbender","Energybending","","2","U","Near Mint Foil","0.35","0.23","1.4900","0.1800","0","0","0.1800",""
"8890537","Magic","Avatar: The Last Airbender","Flexible Waterbender","","50","C","Near Mint","0.15","0.01","1.3200","0.0100","1","0","0.1500",""
"8999091","Magic","Avatar: The Last Airbender","Foggy Swamp Hunters","","101","C","Near Mint","0.06","0.01","1.3200","0.0100","1","0","0.1500",""
"8883530","Magic","Avatar: The Last Airbender","Forest (0291)","","291","L","Near Mint Foil","0.42","0.55","1.4600","0.1500","0","0","0.1500",""
"8889862","Magic","Avatar: The Last Airbender","Geyser Leaper","","52","C","Near Mint","0.10","0.01","1.3200","0.0100","1","0","0.1500",""
"8892897","Magic","Avatar: The Last Airbender","Hog-Monkey","","104","C","Near Mint","0.07","0.01","1.3200","0.0100","1","0","0.1500",""
"8889922","Magic","Avatar: The Last Airbender","Iguana Parrot","","56","C","Near Mint","0.13","0.01","1.3200","0.0100","1","0","0.1500",""
"8998309","Magic","Avatar: The Last Airbender","Invasion Reinforcements","","24","U","Near Mint","0.23","0.01","1.3200","0.0100","1","0","0.1500",""
"8975861","Magic","Avatar: The Last Airbender","Island (0293)","","293","L","Near Mint","0.40","0.39","1.4100","0.1000","0","0","0.1500",""
"8889300","Magic","Avatar: The Last Airbender","Jeong Jeong's Deserters","","25","C","Near Mint","0.10","0.01","1.3200","0.0100","1","0","0.1500",""
"8892967","Magic","Avatar: The Last Airbender","Long Feng, Grand Secretariat","","233","U","Near Mint","0.17","0.05","1.3200","0.0100","1","0","0.1500",""
"8989984","Magic","Avatar: The Last Airbender","Mai, Jaded Edge","","147","U","Near Mint","0.15","0.04","1.3200","0.0100","1","0","0.1500",""
"8893437","Magic","Avatar: The Last Airbender","Mongoose Lizard","","148","C","Near Mint","0.04","0.01","1.3200","0.0100","1","0","0.1500",""
"9013287","Magic","Avatar: The Last Airbender","Mountain (0285)","","285","L","Near Mint","0.12","0.01","1.3200","0.0100","1","0","0.1500",""
"8988136","Magic","Avatar: The Last Airbender","Origin of Metalbending","","187","C","Near Mint","0.24","0.06","1.3300","0.0200","0","0","0.1500",""
"8894167","Magic","Avatar: The Last Airbender","Ostrich-Horse","","188","C","Near Mint","0.09","0.01","1.3200","0.0100","1","0","0.1500",""
"8888270","Magic","Avatar: The Last Airbender","Path to Redemption","","31","C","Near Mint","0.13","0.01","1.3200","0.0100","1","0","0.1500",""
"9006964","Magic","Avatar: The Last Airbender","Phoenix Fleet Airship","","114","M","Near Mint","2.91","4.06","3.0800","1.7700","0","0","1.9800",""
"8894862","Magic","Avatar: The Last Airbender","Rebellious Captives","","191","C","Near Mint Foil","0.11","0.05","1.3200","0.0100","1","0","0.1500",""
"8893497","Magic","Avatar: The Last Airbender","Rough Rhino Cavalry","","152","C","Near Mint","0.08","0.01","1.3200","0.0100","1","0","0.1500",""
"8890212","Magic","Avatar: The Last Airbender","Serpent of the Pass","","70","U","Near Mint","0.14","0.01","1.3200","0.0100","1","0","0.1500",""
"8890822","Magic","Avatar: The Last Airbender","Sokka, Lateral Strategist","","241","U","Near Mint Foil","0.24","0.15","1.3600","0.0500","1","0","0.1500",""
"8990806","Magic","Avatar: The Last Airbender","Sold Out","","119","C","Near Mint","0.07","0.01","1.3200","0.0100","1","0","0.1500",""
"8977832","Magic","Avatar: The Last Airbender","Sparring Dummy","","197","U","Near Mint","0.11","0.01","1.3200","0.0100","0","0","0.1500",""
"8979612","Magic","Avatar: The Last Airbender","Sun Warriors","","244","U","Near Mint","0.24","0.13","1.3200","0.0100","0","0","0.1500",""
"8982429","Magic","Avatar: The Last Airbender","True Ancestry","","199","U","Near Mint","0.32","0.15","1.3200","0.0100","1","0","0.1500",""
"8990986","Magic","Avatar: The Last Airbender","Twin Blades","","157","U","Near Mint","0.24","0.10","1.3200","0.0100","1","0","0.1500",""
"8999191","Magic","Avatar: The Last Airbender","Walltop Sentries","","202","C","Near Mint","0.12","0.01","1.3200","0.0100","1","0","0.1500",""
"9009167","Magic","Avatar: The Last Airbender","Wartime Protestors","","160","R","Near Mint","0.33","0.28","1.4000","0.0900","0","0","0.1500",""
"9008505","Magic","Avatar: The Last Airbender","Zuko's Conviction","","123","U","Near Mint","0.23","0.10","1.3200","0.0100","1","0","0.1500",""
"8955109","One Piece Card Game","Carrying On His Will","Ace & Sabo & Luffy","","OP13-007","SR","Near Mint Foil","2.22","","2.5500","1.0000","0","0","1.0200",""
"8955414","One Piece Card Game","Carrying On His Will","Amatsuki Toki","","OP13-060","C","Near Mint","0.08","","1.3200","0.0100","0","0","0.1500",""
"8955704","One Piece Card Game","Carrying On His Will","Atlas","","OP13-101","UC","Near Mint","0.07","","1.3200","0.0100","3","0","0.1500",""
"8955274","One Piece Card Game","Carrying On His Will","Bepo","","OP13-035","C","Near Mint","0.05","","1.3200","0.0100","6","0","0.1500",""
"8955344","One Piece Card Game","Carrying On His Will","Blamenco","","OP13-048","UC","Near Mint","0.03","","1.3200","0.0100","5","0","0.1500",""
"8955349","One Piece Card Game","Carrying On His Will","Blenheim","","OP13-049","UC","Near Mint","0.07","","1.3200","0.0100","3","0","0.1500",""
"8955359","One Piece Card Game","Carrying On His Will","Boa Hancock","","OP13-051","R","Near Mint Foil","0.22","","1.3200","0.0100","0","0","0.1500",""
"8955369","One Piece Card Game","Carrying On His Will","Boa Marigold","","OP13-052","UC","Near Mint","0.08","","1.3500","0.0400","3","0","0.1500",""
"8955354","One Piece Card Game","Carrying On His Will","Boa Sandersonia","","OP13-050","C","Near Mint","0.05","","1.3200","0.0100","7","0","0.1500",""
"8955409","One Piece Card Game","Carrying On His Will","Brilliant Punk","","OP13-059","C","Near Mint","0.06","","1.3200","0.0100","5","0","0.1500",""
"8955269","One Piece Card Game","Carrying On His Will","Brook","","OP13-034","C","Near Mint","0.04","","1.3200","0.0100","7","0","0.1500",""
"8955489","One Piece Card Game","Carrying On His Will","Buggy","","OP13-072","R","Near Mint Foil","0.16","","1.3600","0.0500","0","0","0.1500",""
"8955179","One Piece Card Game","Carrying On His Will","But Ace Here Said You Deserved It!!","","OP13-019","R","Near Mint Foil","0.11","","1.3200","0.0100","3","0","0.1500",""
"8955729","One Piece Card Game","Carrying On His Will","Conney","","OP13-106","C","Near Mint","0.04","","1.3200","0.0100","6","0","0.1500",""
"8955424","One Piece Card Game","Carrying On His Will","Crocus","","OP13-062","UC","Near Mint","0.07","","1.3200","0.0100","0","0","0.1500",""
"8955324","One Piece Card Game","Carrying On His Will","Curiel","","OP13-044","C","Near Mint","0.03","","1.3200","0.0100","7","0","0.1500",""
"8955124","One Piece Card Game","Carrying On His Will","Curly.Dadan","","OP13-009","C","Near Mint","0.03","","1.3200","0.0100","6","0","0.1500",""
"8955509","One Piece Card Game","Carrying On His Will","Divine Departure","","OP13-076","R","Near Mint Foil","1.37","","2.3100","1.0000","0","0","0.9000",""
"8955469","One Piece Card Game","Carrying On His Will","Douglas Bullet","","OP13-068","C","Near Mint","0.07","","1.3200","0.0100","1","0","0.1500",""
"8955709","One Piece Card Game","Carrying On His Will","Edison","","OP13-102","UC","Near Mint","0.10","","1.3200","0.0100","0","0","0.1500",""
"8955309","One Piece Card Game","Carrying On His Will","Edward.Newgate","","OP13-042","SR","Near Mint Foil","1.03","","1.7500","0.4400","0","0","0.5000",""
"8955119","One Piece Card Game","Carrying On His Will","Emporio.Ivankov","","OP13-008","C","Near Mint","0.04","","1.3200","0.0100","6","0","0.1500",""
"8955559","One Piece Card Game","Carrying On His Will","Five Elders","","OP13-082","SR","Near Mint Foil","1.61","","2.3100","1.0000","0","0","0.5600",""
"8955339","One Piece Card Game","Carrying On His Will","Fossa","","OP13-047","C","Near Mint","0.05","","1.3200","0.0100","4","0","0.1500",""
"8955264","One Piece Card Game","Carrying On His Will","Franky","","OP13-033","C","Near Mint","0.06","","1.3200","0.0100","5","0","0.1500",""
"8955519","One Piece Card Game","Carrying On His Will","Go All the Way to the Top!!","","OP13-077","C","Near Mint","0.05","","1.3200","0.0100","2","0","0.1500",""
"8955079","One Piece Card Game","Carrying On His Will","Gol.D.Roger (003)","","OP13-003","L","Near Mint","0.16","","1.3200","0.0100","0","0","0.1500",""
"8955434","One Piece Card Game","Carrying On His Will","Gol.D.Roger (064)","","OP13-064","SR","Near Mint Foil","0.46","","1.4100","0.1000","0","0","0.1500",""
"8955209","One Piece Card Game","Carrying On His Will","Gordon","","OP13-024","C","Near Mint","0.07","","1.3200","0.0100","6","0","0.1500",""
"8955504","One Piece Card Game","Carrying On His Will","Guess We'll Have Another Scrap. You Can Only Risk Death While You're Still Alive!!","","OP13-075","UC","Near Mint","0.11","","1.3200","0.0100","0","0","0.1500",""
"8955804","One Piece Card Game","Carrying On His Will","Gum-Gum Dawn Stamp","","OP13-117","R","Near Mint Foil","0.13","","1.3200","0.0100","2","0","0.1500",""
"8955289","One Piece Card Game","Carrying On His Will","Gum-Gum Elephant Gun","","OP13-038","UC","Near Mint","0.10","","1.3200","0.0100","2","0","0.1500",""
"8955189","One Piece Card Game","Carrying On His Will","Gum-Gum Gatling Gun","","OP13-021","C","Near Mint","0.10","","1.3200","0.0100","4","0","0.1500",""
"8955294","One Piece Card Game","Carrying On His Will","Gum-Gum Snake Shot","","OP13-039","C","Near Mint","0.10","","1.3200","0.0100","6","0","0.1500",""
"8955714","One Piece Card Game","Carrying On His Will","Gyogyo","","OP13-103","C","Near Mint","0.02","","1.3200","0.0100","5","0","0.1500",""
"8955634","One Piece Card Game","Carrying On His Will","Hack","","OP13-090","UC","Near Mint","0.08","","1.3200","0.0100","2","0","0.1500",""
"8955329","One Piece Card Game","Carrying On His Will","Haruta","","OP13-045","C","Near Mint","0.03","","1.3200","0.0100","5","0","0.1500",""
"8955279","One Piece Card Game","Carrying On His Will","Helmeppo","","OP13-036","UC","Near Mint","0.08","","1.3200","0.0100","3","0","0.1500",""
"8955499","One Piece Card Game","Carrying On His Will","Hera","","OP13-074","C","Near Mint","0.03","","1.3200","0.0100","5","0","0.1500",""
"8955144","One Piece Card Game","Carrying On His Will","Higuma","","OP13-013","C","Near Mint","0.02","","1.3200","0.0100","6","0","0.1500",""
"8955299","One Piece Card Game","Carrying On His Will","I Know You're Strong... So I'll Go All Out from the Very Start!!!","","OP13-040","R","Near Mint Foil","0.18","","1.3200","0.0100","0","0","0.1500",""
"8955399","One Piece Card Game","Carrying On His Will","If I Bowed Down to Power, What's the Point in Living?","","OP13-057","R","Near Mint Foil","0.14","","1.3200","0.0100","2","0","0.1500",""
"8955529","One Piece Card Game","Carrying On His Will","Imu","","OP13-079","L","Near Mint","0.18","","1.3700","0.0600","0","0","0.1500",""
"8955099","One Piece Card Game","Carrying On His Will","Inazuma","","OP13-005","UC","Near Mint","0.07","","1.3200","0.0100","0","0","0.1500",""
"8955419","One Piece Card Game","Carrying On His Will","Inuarashi","","OP13-061","C","Near Mint","0.08","","1.3200","0.0100","2","0","0.1500",""
"8955304","One Piece Card Game","Carrying On His Will","Izo","","OP13-041","UC","Near Mint","0.05","","1.3200","0.0100","2","0","0.1500",""
"8955694","One Piece Card Game","Carrying On His Will","Jewelry Bonney (100)","","OP13-100","L","Near Mint","0.12","","1.3200","0.0100","1","0","0.1500",""
"8955749","One Piece Card Game","Carrying On His Will","Jewelry Bonney (109)","","OP13-109","UC","Near Mint","0.06","","1.3200","0.0100","0","0","0.1500",""
"8955244","One Piece Card Game","Carrying On His Will","Jinbe","","OP13-029","UC","Near Mint","0.09","","1.3200","0.0100","2","0","0.1500",""
"8955554","One Piece Card Game","Carrying On His Will","Koala","","OP13-081","C","Near Mint","0.06","","1.3200","0.0100","5","0","0.1500",""
"8955214","One Piece Card Game","Carrying On His Will","Koby","","OP13-025","C","Near Mint","0.06","","1.3200","0.0100","5","0","0.1500",""
"8955719","One Piece Card Game","Carrying On His Will","Kouzuki Hiyori","","OP13-104","R","Near Mint Foil","0.28","","1.4000","0.0900","0","0","0.1500",""
"8955724","One Piece Card Game","Carrying On His Will","Kouzuki Momonosuke","","OP13-105","C","Near Mint","0.05","","1.3200","0.0100","6","0","0.1500",""
"8955429","One Piece Card Game","Carrying On His Will","Kouzuki Oden","","OP13-063","UC","Near Mint","0.12","","1.3200","0.0100","3","0","0.1500",""
"8955774","One Piece Card Game","Carrying On His Will","Lilith","","OP13-113","R","Near Mint Foil","0.68","","1.4900","0.1800","0","0","0.1900",""
"8955394","One Piece Card Game","Carrying On His Will","LittleOars Jr.","","OP13-056","C","Near Mint","0.03","","1.3200","0.0100","5","0","0.1500",""
"8955129","One Piece Card Game","Carrying On His Will","Lord of the Coast","","OP13-010","C","Near Mint","0.05","","1.3200","0.0100","6","0","0.1500",""
"8955374","One Piece Card Game","Carrying On His Will","Marshall.D.Teach","","OP13-053","C","Near Mint","0.05","","1.3200","0.0100","6","0","0.1500",""
"8955184","One Piece Card Game","Carrying On His Will","Meteor Fist","","OP13-020","UC","Near Mint","0.08","","1.3200","0.0100","2","0","0.1500",""
"8955169","One Piece Card Game","Carrying On His Will","Monkey.D.Dragon","","OP13-017","R","Near Mint Foil","0.10","","1.3200","0.0100","1","0","0.1500",""
"8955159","One Piece Card Game","Carrying On His Will","Monkey.D.Garp","","OP13-016","R","Near Mint Foil","0.39","","1.3700","0.0600","0","0","0.1500",""
"8955059","One Piece Card Game","Carrying On His Will","Monkey.D.Luffy (001)","","OP13-001","L","Near Mint","0.16","","1.3200","0.0100","2","0","0.1500",""
"8955809","One Piece Card Game","Carrying On His Will","Monkey.D.Luffy (118)","","OP13-118","SEC","Near Mint Foil","19.99","","20.3100","20.3100","0","0","20.1000",""
"8955659","One Piece Card Game","Carrying On His Will","Morgans","","OP13-093","C","Near Mint","0.03","","1.3200","0.0100","5","0","0.1500",""
"8955479","One Piece Card Game","Carrying On His Will","Napoleon","","OP13-070","C","Near Mint","0.04","","1.3200","0.0100","4","0","0.1500",""
"8955134","One Piece Card Game","Carrying On His Will","Nefeltari Cobra","","OP13-011","UC","Near Mint","0.07","","1.3200","0.0100","3","0","0.1500",""
"8955139","One Piece Card Game","Carrying On His Will","Nefeltari Vivi","","OP13-012","R","Near Mint Foil","0.18","","1.3200","0.0100","1","0","0.1500",""
"8955484","One Piece Card Game","Carrying On His Will","Nekomamushi","","OP13-071","UC","Near Mint","0.14","","1.3200","0.0100","0","0","0.1500",""
"8955684","One Piece Card Game","Carrying On His Will","Never Existed... in the First Place...","","OP13-098","UC","Near Mint","0.47","","1.6600","0.3500","0","0","0.3200",""
"8955259","One Piece Card Game","Carrying On His Will","Nico Robin","","OP13-032","UC","Near Mint","0.13","","1.3300","0.0200","3","0","0.1500",""
"8955524","One Piece Card Game","Carrying On His Will","Oro Jackson","","OP13-078","C","Near Mint","0.06","","1.3200","0.0100","0","0","0.1500",""
"8955319","One Piece Card Game","Carrying On His Will","Otama","","OP13-043","R","Near Mint Foil","0.34","","1.5000","0.1900","0","0","0.2000",""
"8955794","One Piece Card Game","Carrying On His Will","Paper Art Afterimage","","OP13-115","C","Near Mint","0.07","","1.3200","0.0100","4","0","0.1500",""
"8955404","One Piece Card Game","Carrying On His Will","Phoenix Pyreapple","","OP13-058","UC","Near Mint","0.08","","1.3300","0.0200","3","0","0.1500",""
"8955069","One Piece Card Game","Carrying On His Will","Portgas.D.Ace (002)","","OP13-002","L","Near Mint","0.16","","1.3200","0.0100","3","0","0.1500",""
"8955149","One Piece Card Game","Carrying On His Will","Portgas.D.Rouge","","OP13-014","C","Near Mint","0.05","","1.3200","0.0100","5","0","0.1500",""
"8955494","One Piece Card Game","Carrying On His Will","Prometheus","","OP13-073","UC","Near Mint","0.05","","1.3200","0.0100","1","0","0.1500",""
"8955764","One Piece Card Game","Carrying On His Will","Pythagoras","","OP13-111","UC","Near Mint","0.05","","1.3200","0.0100","2","0","0.1500",""
"8955389","One Piece Card Game","Carrying On His Will","Rakuyo","","OP13-055","C","Near Mint","0.03","","1.3200","0.0100","6","0","0.1500",""
"8955284","One Piece Card Game","Carrying On His Will","Roronoa Zoro","","OP13-037","R","Near Mint Foil","0.32","","1.3900","0.0800","0","0","0.1500",""
"8955784","One Piece Card Game","Carrying On His Will","S-Snake","","OP13-114","R","Near Mint Foil","0.17","","1.3600","0.0500","0","0","0.1500",""
"8955089","One Piece Card Game","Carrying On His Will","Sabo (004)","","OP13-004","L","Near Mint","0.11","","1.3200","0.0100","3","0","0.1500",""
"8955609","One Piece Card Game","Carrying On His Will","Saint Charlos","","OP13-087","UC","Near Mint","0.10","","1.4000","0.0900","0","0","0.1500",""
"8955599","One Piece Card Game","Carrying On His Will","Saint Jalmac","","OP13-085","C","Near Mint","0.04","","1.3200","0.0100","4","0","0.1500",""
"8955654","One Piece Card Game","Carrying On His Will","Saint Mjosgard","","OP13-092","C","Near Mint","0.09","","1.3400","0.0300","0","0","0.1500",""
"8955669","One Piece Card Game","Carrying On His Will","Saint Rosward","","OP13-095","C","Near Mint","0.04","","1.3200","0.0100","1","0","0.1500",""
"8955604","One Piece Card Game","Carrying On His Will","Saint Shalria","","OP13-086","UC","Near Mint","0.45","","1.6100","0.3000","0","0","0.2500",""
"8955224","One Piece Card Game","Carrying On His Will","Sanji","","OP13-027","R","Near Mint Foil","0.20","","1.3500","0.0400","1","0","0.1500",""
"8955229","One Piece Card Game","Carrying On His Will","Sanji (Alternate Art)","","OP13-027","R","Near Mint Foil","12.18","","11.9900","11.0000","0","0","11.9500",""
"8955464","One Piece Card Game","Carrying On His Will","Scopper Gaban","","OP13-067","R","Near Mint Foil","0.12","","1.3200","0.0100","0","0","0.1500",""
"8955734","One Piece Card Game","Carrying On His Will","Shaka","","OP13-107","C","Near Mint","0.03","","1.3200","0.0100","6","0","0.1500",""
"8955234","One Piece Card Game","Carrying On His Will","Shanks (028)","","OP13-028","SR","Near Mint Foil","0.62","","1.4700","0.1600","0","0","0.2800",""
"8955444","One Piece Card Game","Carrying On His Will","Shanks (065)","","OP13-065","R","Near Mint Foil","0.15","","1.3200","0.0100","0","0","0.1500",""
"8955539","One Piece Card Game","Carrying On His Will","St. Ethanbaron V. Nusjuro","","OP13-080","R","Near Mint Foil","0.48","","1.7100","0.4000","0","0","0.3500",""
"8955569","One Piece Card Game","Carrying On His Will","St. Jaygarcia Saturn","","OP13-083","R","Near Mint Foil","0.42","","1.6300","0.3200","0","0","0.3000",""
"8955639","One Piece Card Game","Carrying On His Will","St. Marcus Mars","","OP13-091","R","Near Mint Foil","0.50","","1.7400","0.4300","0","0","0.4200",""
"8955584","One Piece Card Game","Carrying On His Will","St. Shepherd Ju Peter","","OP13-084","R","Near Mint Foil","0.45","","1.6200","0.1200","0","0","0.3300",""
"8955619","One Piece Card Game","Carrying On His Will","St. Topman Warcury","","OP13-089","R","Near Mint Foil","0.54","","1.7500","0.4400","0","0","0.4300",""
"8955754","One Piece Card Game","Carrying On His Will","Stussy","","OP13-110","SR","Near Mint Foil","0.41","","1.5600","0.2500","0","0","0.2800",""
"8955219","One Piece Card Game","Carrying On His Will","Sunny-Kun","","OP13-026","C","Near Mint","0.05","","1.3200","0.0100","5","0","0.1500",""
"8955614","One Piece Card Game","Carrying On His Will","Terry Gilteo","","OP13-088","UC","Near Mint","0.04","","1.3200","0.0100","2","0","0.1500",""
"8955689","One Piece Card Game","Carrying On His Will","The Empty Throne","","OP13-099","C","Near Mint","0.05","","1.3200","0.0100","4","0","0.1500",""
"8955674","One Piece Card Game","Carrying On His Will","The Five Elders Are at Your Service!!!","","OP13-096","R","Near Mint Foil","0.44","","1.5600","0.2500","0","0","0.3900",""
"8955799","One Piece Card Game","Carrying On His Will","The One Who Is the Most Free Is the Pirate King!!!","","OP13-116","UC","Near Mint","0.08","","1.3200","0.0100","2","0","0.1500",""
"8955679","One Piece Card Game","Carrying On His Will","The World's Equilibrium Cannot Be Maintained Forever","","OP13-097","C","Near Mint","0.08","","1.3400","0.0300","0","0","0.1500",""
"8955474","One Piece Card Game","Carrying On His Will","Tom","","OP13-069","C","Near Mint","0.02","","1.3200","0.0100","4","0","0.1500",""
"8955249","One Piece Card Game","Carrying On His Will","Tony Tony.Chopper","","OP13-030","UC","Near Mint","0.08","","1.3200","0.0100","2","0","0.1500",""
"8955254","One Piece Card Game","Carrying On His Will","Trafalgar Law","","OP13-031","R","Near Mint Foil","0.47","","1.5500","0.2400","0","0","0.1900",""
"8955199","One Piece Card Game","Carrying On His Will","Uta","","OP13-023","SR","Near Mint Foil","0.44","","1.3700","0.0600","0","0","0.2100",""
"8955769","One Piece Card Game","Carrying On His Will","Vegapunk","","OP13-112","C","Near Mint","0.05","","1.3200","0.0100","5","0","0.1500",""
"8955334","One Piece Card Game","Carrying On His Will","Vista","","OP13-046","R","Near Mint Foil","0.12","","1.3200","0.0100","3","0","0.1500",""
"8955174","One Piece Card Game","Carrying On His Will","Wapol","","OP13-018","UC","Near Mint","0.05","","1.3200","0.0100","4","0","0.1500",""
"8955194","One Piece Card Game","Carrying On His Will","Windmill Village","","OP13-022","C","Near Mint","0.07","","1.3200","0.0100","4","0","0.1500",""
"8955104","One Piece Card Game","Carrying On His Will","Woop Slap","","OP13-006","C","Near Mint","0.04","","1.3200","0.0100","4","0","0.1500",""
"8955664","One Piece Card Game","Carrying On His Will","York","","OP13-094","C","Near Mint","0.05","","1.3200","0.0100","0","0","0.1500",""
"8830014","One Piece Card Game","Legacy of the Master","Koala (086) (Alternate Art)","","OP12-086","R","Near Mint Foil","10.60","","11.3100","10.0000","0","0","8.9500",""
"8946832","One Piece Card Game","Premium Booster -The Best- Vol. 2","Cavendish - EB01-012 (Reprint)","","EB01-012","SR","Near Mint Foil","1.38","","2.0500","0.7400","0","0","0.7500",""
"8946877","One Piece Card Game","Premium Booster -The Best- Vol. 2","Laboon (Reprint)","","EB01-048","SR","Near Mint Foil","0.73","","1.8000","0.4900","0","0","0.5000",""
"8929549","One Piece Card Game","Premium Booster -The Best- Vol. 2","Trafalgar Law - PRB02-002","","PRB02-002","SR","Near Mint Foil","1.12","","1.7900","0.4800","0","0","0.5000",""
"8567433","One Piece Card Game","Royal Blood","Sanji","","OP10-005","SR","Near Mint Foil","5.20","","5.8000","5.8000","0","0","3.2500",""
"8567578","One Piece Card Game","Royal Blood","Smoker (030)","","OP10-030","SR","Near Mint Foil","1.06","","1.9900","0.6800","0","0","0.2500",""
"460293","Pokemon","Base Set","Vulpix","","068/102","Common","Near Mint","0.70","0.68","1.6600","0.3500","0","0","0.2900",""
"447825","Pokemon","Base Set","Vulpix","","068/102","Common","Lightly Played","0.34","","1.5000","0.1800","0","0","0.1900",""
"4169694","Pokemon","Hidden Fates","Misty's Water Command","","63/68","Holo Rare","Near Mint Holofoil","0.76","0.97","1.8000","0.4900","1","0","0.3000",""
"9125327","Pokemon","ME: Ascended Heroes","Air Balloon","","181/217","Uncommon","Near Mint","0.25","0.26","","","0","0","0.1000",""
"9125347","Pokemon","ME: Ascended Heroes","Boss's Orders [Corbeau] - 183/217","","183/217","Uncommon","Near Mint","0.26","0.25","1.3800","0.0600","0","0","0.1000",""
"9123862","Pokemon","ME: Ascended Heroes","Budew - 016/217","","016/217","Common","Near Mint","0.12","0.08","1.3300","0.0200","1","0","0.1000",""
"9123972","Pokemon","ME: Ascended Heroes","Camerupt","","028/217","Uncommon","Near Mint","0.07","0.04","1.3200","0.0100","0","0","0.1000",""
"9125367","Pokemon","ME: Ascended Heroes","Canari - 185/217","","185/217","Uncommon","Near Mint","0.34","0.15","1.4500","0.1400","0","0","0.1000",""
"9123902","Pokemon","ME: Ascended Heroes","Charmander","","020/217","Common","Near Mint","0.12","0.09","1.3200","0.0100","1","0","0.1000",""
"9123912","Pokemon","ME: Ascended Heroes","Charmeleon","","021/217","Uncommon","Near Mint","0.14","0.10","1.3300","0.0200","0","0","0.1000",""
"9124387","Pokemon","ME: Ascended Heroes","Clefable","","075/217","Uncommon","Near Mint","0.09","0.05","1.3200","0.0100","2","0","0.1000",""
"9125137","Pokemon","ME: Ascended Heroes","Drakloak - 159/217","","159/217","Common","Near Mint","0.09","0.08","1.3200","0.0100","1","0","0.1000",""
"9125052","Pokemon","ME: Ascended Heroes","Dratini","","150/217","Common","Near Mint","0.17","0.10","1.3200","0.0100","0","0","0.1000",""
"9124257","Pokemon","ME: Ascended Heroes","Eelektrik","","060/217","Uncommon","Near Mint","0.12","0.11","1.3400","0.0300","2","0","0.1000",""
"9123747","Pokemon","ME: Ascended Heroes","Erika's Bellsprout","","004/217","Common","Near Mint","0.12","0.08","1.3200","0.0100","1","0","0.1000",""
"9123732","Pokemon","ME: Ascended Heroes","Erika's Gloom","","002/217","Uncommon","Near Mint","0.12","0.05","1.3800","0.0700","1","0","0.1000",""
"9123777","Pokemon","ME: Ascended Heroes","Erika's Tangela - 007/217","","007/217","Common","Near Mint","0.12","0.08","1.3200","0.0100","1","0","0.1000",""
"9124817","Pokemon","ME: Ascended Heroes","Gastly","","123/217","Common","Near Mint","0.10","0.05","1.3200","0.0100","2","0","0.1000",""
"9125407","Pokemon","ME: Ascended Heroes","Glass Trumpet - 189/217","","189/217","Common","Near Mint","0.05","0.05","","","1","0","0.1000",""
"9124082","Pokemon","ME: Ascended Heroes","Golduck","","040/217","Uncommon","Near Mint","0.14","0.10","1.3600","0.0500","2","0","0.1000",""
"9124637","Pokemon","ME: Ascended Heroes","Hitmontop - 102/217","","102/217","Common","Near Mint","0.12","0.06","1.3300","0.0200","1","0","0.1000",""
"9125292","Pokemon","ME: Ascended Heroes","Hop's Cramorant","","177/217","Uncommon","Near Mint","0.08","0.05","1.3200","0.0100","1","0","0.1000",""
"9124577","Pokemon","ME: Ascended Heroes","Hop's Trevenant - 096/217","","096/217","Rare","Near Mint Holofoil","0.19","0.20","1.3800","0.0700","0","0","0.1000",""
"9125252","Pokemon","ME: Ascended Heroes","Larry's Rufflet","","173/217","Common","Near Mint","0.11","0.05","1.3300","0.0200","1","0","0.1000",""
"9125217","Pokemon","ME: Ascended Heroes","Larry's Staravia","","169/217","Uncommon","Near Mint","0.09","0.07","1.3600","0.0500","2","0","0.1000",""
"9125207","Pokemon","ME: Ascended Heroes","Larry's Starly","","168/217","Common","Near Mint","0.07","0.07","1.3300","0.0200","1","0","0.1000",""
"9125002","Pokemon","ME: Ascended Heroes","Mawile - 144/217","","144/217","Uncommon","Near Mint","0.12","0.08","1.3400","0.0300","1","0","0.1000",""
"9124872","Pokemon","ME: Ascended Heroes","Mightyena - 129/217","","129/217","Uncommon","Near Mint","0.08","0.05","1.3200","0.0100","2","0","0.1000",""
"9124167","Pokemon","ME: Ascended Heroes","N's Vanillish","","050/217","Common","Near Mint","0.13","0.14","1.3400","0.0300","1","0","0.1000",""
"9125117","Pokemon","ME: Ascended Heroes","Noivern","","157/217","Uncommon","Near Mint","0.09","0.07","1.3500","0.0400","0","0","0.1000",""
"9124217","Pokemon","ME: Ascended Heroes","Pikachu","","055/217","Common","Near Mint","0.23","0.15","1.3300","0.0200","1","0","0.1000",""
"9125077","Pokemon","ME: Ascended Heroes","Rayquaza","","153/217","Rare","Near Mint Holofoil","0.28","0.35","1.3800","0.0700","0","0","0.1000",""
"9124772","Pokemon","ME: Ascended Heroes","Rolycoly","","118/217","Common","Near Mint","0.06","0.04","1.3200","0.0100","0","0","0.1000",""
"9124047","Pokemon","ME: Ascended Heroes","Scorbunny - 036/217","","036/217","Common","Near Mint","0.08","0.06","1.3200","0.0100","1","0","0.1000",""
"9123822","Pokemon","ME: Ascended Heroes","Silcoon","","012/217","Common","Near Mint","0.14","0.08","1.3200","0.0100","0","0","0.1000",""
"9125182","Pokemon","ME: Ascended Heroes","Skitty","","165/217","Common","Near Mint","0.17","0.10","1.3300","0.0200","2","0","0.1000",""
"9124557","Pokemon","ME: Ascended Heroes","Slurpuff - 094/217","","094/217","Uncommon","Near Mint","0.09","0.05","1.3200","0.0100","1","0","0.1000",""
"9124187","Pokemon","ME: Ascended Heroes","Snom","","052/217","Common","Near Mint","0.07","0.05","1.3200","0.0100","2","0","0.1000",""
"9124137","Pokemon","ME: Ascended Heroes","Snorunt - 046/217","","046/217","Common","Near Mint","0.33","0.43","1.3600","0.0500","0","0","0.1000",""
"9124677","Pokemon","ME: Ascended Heroes","Solrock","","106/217","Uncommon","Near Mint","0.14","0.06","1.3300","0.0200","1","0","0.1000",""
"9124547","Pokemon","ME: Ascended Heroes","Swirlix","","093/217","Common","Near Mint","0.10","0.08","1.3500","0.0400","1","0","0.1000",""
"9125567","Pokemon","ME: Ascended Heroes","Team Rocket's Great Ball","","205/217","Uncommon","Near Mint","0.13","0.08","1.3600","0.0500","1","0","0.1000",""
"9125152","Pokemon","ME: Ascended Heroes","Team Rocket's Meowth","","161/217","Common","Near Mint","0.12","0.05","1.3200","0.0100","1","0","0.1000",""
"9125617","Pokemon","ME: Ascended Heroes","Team Rocket's Watchtower","","210/217","Uncommon","Near Mint","0.24","0.24","","","1","0","0.1000",""
"9123982","Pokemon","ME: Ascended Heroes","Tepig","","029/217","Common","Near Mint","0.08","0.05","1.3200","0.0100","1","0","0.1000",""
"9124092","Pokemon","ME: Ascended Heroes","Totodile","","041/217","Common","Near Mint","0.15","0.10","1.3500","0.0400","1","0","0.1000",""
"9124247","Pokemon","ME: Ascended Heroes","Tynamo","","059/217","Common","Near Mint","0.14","0.07","1.3200","0.0100","1","0","0.1000",""
"8948235","Pokemon","ME: Mega Evolution Promo","Alakazam - 009 (Pokemon Center Exclusive)","","009","Promo","Near Mint Holofoil","52.76","","51.9900","49.9900","0","0","51.4700",""
"9027525","Pokemon","ME: Mega Evolution Promo","Charcadet - 022 (Pokemon Center Exclusive)","","022","Promo","Near Mint Holofoil","37.68","","39.0000","35.0000","0","0","35.2500",""
"9022102","Pokemon","ME: Mega Evolution Promo","Cottonee (Cosmos Holo)","","018","Promo","Near Mint Holofoil","0.21","","1.3300","0.0200","4","0","0.1500",""
"9168430","Pokemon","ME: Mega Evolution Promo","N's Zekrom - 031","","031","Promo","Near Mint Holofoil","7.80","","7.9100","6.5900","0","0","4.6500",""
"9168435","Pokemon","ME: Mega Evolution Promo","N's Zekrom - 031 (Pokemon Center Exclusive)","","031","Promo","Near Mint Holofoil","41.56","","39.9900","38.7000","0","0","46.0000",""
"8948240","Pokemon","ME: Mega Evolution Promo","Riolu - 010 (Pokemon Center Exclusive)","","010","Promo","Near Mint Holofoil","48.59","","50.9900","50.0000","0","0","47.3000",""
"9022117","Pokemon","ME: Mega Evolution Promo","Whimsicott (Cosmos Holo)","","019","Promo","Near Mint Holofoil","0.21","","1.3200","0.0100","1","0","0.1500",""
"8937025","Pokemon","ME01: Mega Evolution","Abra","","054/132","Common","Near Mint","0.16","0.10","1.3200","0.0100","0","0","0.1500",""
"8937030","Pokemon","ME01: Mega Evolution","Abra","","054/132","Common","Near Mint Reverse Holofoil","0.23","0.25","1.3400","0.0300","0","0","0.1500",""
"8937585","Pokemon","ME01: Mega Evolution","Acerola's Mischief - 113/132","","113/132","Uncommon","Near Mint","0.13","0.09","1.3200","0.0100","3","0","0.1500",""
"8937590","Pokemon","ME01: Mega Evolution","Acerola's Mischief - 113/132","","113/132","Uncommon","Near Mint Reverse Holofoil","0.20","0.20","1.3200","0.0100","0","0","0.1500",""
"8937045","Pokemon","ME01: Mega Evolution","Alakazam","","056/132","Rare","Near Mint Holofoil","0.12","0.11","1.3200","0.0100","0","0","0.1500",""
"8937050","Pokemon","ME01: Mega Evolution","Alakazam","","056/132","Rare","Near Mint Reverse Holofoil","0.28","0.26","1.3600","0.0500","0","0","0.1500",""
"8936590","Pokemon","ME01: Mega Evolution","Bayleef","","009/132","Common","Near Mint","0.20","","1.3200","0.0100","0","0","0.1500",""
"8936595","Pokemon","ME01: Mega Evolution","Bayleef","","009/132","Common","Near Mint Reverse Holofoil","0.35","0.33","1.4100","0.1000","0","0","0.1500",""
"8937575","Pokemon","ME01: Mega Evolution","Bewear","","112/132","Common","Near Mint","0.09","0.05","1.3200","0.0100","7","0","0.1500",""
"8937595","Pokemon","ME01: Mega Evolution","Boss's Orders [Ghetsis]","","114/132","Uncommon","Near Mint","0.24","0.20","1.3200","0.0100","0","0","0.1500",""
"8937600","Pokemon","ME01: Mega Evolution","Boss's Orders [Ghetsis]","","114/132","Uncommon","Near Mint Reverse Holofoil","0.22","","1.3600","0.0500","0","0","0.1500",""
"8936515","Pokemon","ME01: Mega Evolution","Bulbasaur - 001/132","","001/132","Common","Near Mint","0.18","0.13","1.3200","0.0100","0","0","0.1500",""
"8936520","Pokemon","ME01: Mega Evolution","Bulbasaur - 001/132","","001/132","Common","Near Mint Reverse Holofoil","0.23","0.23","1.3500","0.0400","0","0","0.1500",""
"8937525","Pokemon","ME01: Mega Evolution","Buneary","","107/132","Common","Near Mint","0.08","0.05","","","7","0","0.1500",""
"8937530","Pokemon","ME01: Mega Evolution","Buneary","","107/132","Common","Near Mint Reverse Holofoil","0.21","0.20","1.3200","0.0100","0","0","0.1500",""
"8936620","Pokemon","ME01: Mega Evolution","Celebi","","012/132","Uncommon","Near Mint","0.11","0.06","1.3200","0.0100","9","0","0.1500",""
"8936625","Pokemon","ME01: Mega Evolution","Celebi","","012/132","Uncommon","Near Mint Reverse Holofoil","0.25","0.16","1.3300","0.0200","0","0","0.1500",""
"8936795","Pokemon","ME01: Mega Evolution","Centiskorch","","030/132","Uncommon","Near Mint","0.08","0.02","1.3200","0.0100","9","0","0.1500",""
"8936800","Pokemon","ME01: Mega Evolution","Centiskorch","","030/132","Uncommon","Near Mint Reverse Holofoil","0.17","0.12","1.3300","0.0200","0","0","0.1500",""
"8936805","Pokemon","ME01: Mega Evolution","Chi-Yu","","031/132","Uncommon","Near Mint","0.08","0.03","1.3200","0.0100","9","0","0.1500",""
"8936810","Pokemon","ME01: Mega Evolution","Chi-Yu","","031/132","Uncommon","Near Mint Reverse Holofoil","0.20","0.10","1.3200","0.0100","0","0","0.1500",""
"8936580","Pokemon","ME01: Mega Evolution","Chikorita","","008/132","Common","Near Mint","0.17","0.10","1.3200","0.0100","0","0","0.1500",""
"8936585","Pokemon","ME01: Mega Evolution","Chikorita","","008/132","Common","Near Mint Reverse Holofoil","0.28","0.28","1.3600","0.0500","0","0","0.1500",""
"8936775","Pokemon","ME01: Mega Evolution","Cinderace","","028/132","Rare","Near Mint Holofoil","0.15","0.08","1.3200","0.0100","8","0","0.1500",""
"8936780","Pokemon","ME01: Mega Evolution","Cinderace","","028/132","Rare","Near Mint Reverse Holofoil","0.17","0.12","1.3200","0.0100","0","0","0.1500",""
"8936860","Pokemon","ME01: Mega Evolution","Clauncher","","037/132","Common","Near Mint","0.09","0.05","1.3200","0.0100","10","0","0.1500",""
"8936870","Pokemon","ME01: Mega Evolution","Clawitzer - 038/132","","038/132","Rare","Near Mint Holofoil","0.10","0.07","1.3200","0.0100","8","0","0.1500",""
"8936875","Pokemon","ME01: Mega Evolution","Clawitzer - 038/132","","038/132","Rare","Near Mint Reverse Holofoil","0.17","0.15","1.3200","0.0100","1","0","0.1500",""
"8936825","Pokemon","ME01: Mega Evolution","Corphish","","033/132","Common","Near Mint","0.10","0.03","1.3200","0.0100","7","0","0.1500",""
"8936830","Pokemon","ME01: Mega Evolution","Corphish","","033/132","Common","Near Mint Reverse Holofoil","0.19","0.13","1.3200","0.0100","0","0","0.1500",""
"8937325","Pokemon","ME01: Mega Evolution","Crawdaunt","","085/132","Uncommon","Near Mint","0.08","0.03","1.3200","0.0100","9","0","0.1500",""
"8937330","Pokemon","ME01: Mega Evolution","Crawdaunt","","085/132","Uncommon","Near Mint Reverse Holofoil","0.20","0.11","1.3200","0.0100","2","0","0.1500",""
"8937255","Pokemon","ME01: Mega Evolution","Croagunk","","078/132","Common","Near Mint","0.08","0.01","1.3200","0.0100","7","0","0.1500",""
"8937260","Pokemon","ME01: Mega Evolution","Croagunk","","078/132","Common","Near Mint Reverse Holofoil","0.21","0.09","1.3200","0.0100","2","0","0.1500",""
"8937505","Pokemon","ME01: Mega Evolution","Delibird - 105/132","","105/132","Common","Near Mint","0.05","0.03","1.3200","0.0100","9","0","0.1500",""
"8937510","Pokemon","ME01: Mega Evolution","Delibird - 105/132","","105/132","Common","Near Mint Reverse Holofoil","0.21","0.15","1.3200","0.0100","1","0","0.1500",""
"8936680","Pokemon","ME01: Mega Evolution","Dhelmise","","018/132","Common","Near Mint","0.06","0.01","1.3200","0.0100","10","0","0.1500",""
"8937415","Pokemon","ME01: Mega Evolution","Dialga","","095/132","Rare","Near Mint Holofoil","0.14","0.07","1.3200","0.0100","6","0","0.1500",""
"8937420","Pokemon","ME01: Mega Evolution","Dialga","","095/132","Rare","Near Mint Reverse Holofoil","0.17","0.17","1.3200","0.0100","2","0","0.1500",""
"8936890","Pokemon","ME01: Mega Evolution","Drizzile","","040/132","Common","Near Mint","0.18","0.09","1.3200","0.0100","5","0","0.1500",""
"8936895","Pokemon","ME01: Mega Evolution","Drizzile","","040/132","Common","Near Mint Reverse Holofoil","0.19","0.14","1.3200","0.0100","1","0","0.1500",""
"8936930","Pokemon","ME01: Mega Evolution","Eiscue","","044/132","Common","Near Mint","0.09","0.03","1.3200","0.0100","12","0","0.1500",""
"8936935","Pokemon","ME01: Mega Evolution","Eiscue","","044/132","Common","Near Mint Reverse Holofoil","0.19","0.11","1.3400","0.0300","0","0","0.1500",""
"8936980","Pokemon","ME01: Mega Evolution","Electrike","","049/132","Common","Near Mint","0.12","0.06","1.3200","0.0100","10","0","0.1500",""
"8936985","Pokemon","ME01: Mega Evolution","Electrike","","049/132","Common","Near Mint Reverse Holofoil","0.24","0.20","1.3200","0.0100","1","0","0.1500",""
"8937605","Pokemon","ME01: Mega Evolution","Energy Switch","","115/132","Common","Near Mint","0.12","","1.3200","0.0100","0","0","0.1500",""
"8937610","Pokemon","ME01: Mega Evolution","Energy Switch","","115/132","Common","Near Mint Reverse Holofoil","0.39","0.49","1.3400","0.0300","0","0","0.1500",""
"8936540","Pokemon","ME01: Mega Evolution","Exeggcute","","004/132","Common","Near Mint","0.12","0.04","1.3200","0.0100","8","0","0.1500",""
"8936545","Pokemon","ME01: Mega Evolution","Exeggcute","","004/132","Common","Near Mint Reverse Holofoil","0.13","0.09","1.3200","0.0100","2","0","0.1500",""
"8936550","Pokemon","ME01: Mega Evolution","Exeggutor - 005/132","","005/132","Uncommon","Near Mint","0.07","0.04","1.3200","0.0100","13","0","0.1500",""
"8936555","Pokemon","ME01: Mega Evolution","Exeggutor - 005/132","","005/132","Uncommon","Near Mint Reverse Holofoil","0.22","0.12","1.3200","0.0100","0","0","0.1500",""
"8937490","Pokemon","ME01: Mega Evolution","Fearow","","103/132","Common","Near Mint","0.11","0.03","1.3200","0.0100","8","0","0.1500",""
"8937495","Pokemon","ME01: Mega Evolution","Fearow","","103/132","Common","Near Mint Reverse Holofoil","0.21","0.13","1.3200","0.0100","0","0","0.1500",""
"8937615","Pokemon","ME01: Mega Evolution","Fighting Gong - 116/132","","116/132","Uncommon","Near Mint","0.22","0.20","1.3200","0.0100","0","0","0.1500",""
"8937620","Pokemon","ME01: Mega Evolution","Fighting Gong - 116/132","","116/132","Uncommon","Near Mint Reverse Holofoil","0.26","0.32","1.3300","0.0200","0","0","0.1500",""
"8937625","Pokemon","ME01: Mega Evolution","Forest of Vitality","","117/132","Uncommon","Near Mint","0.20","0.13","1.3200","0.0100","0","0","0.1500",""
"8937630","Pokemon","ME01: Mega Evolution","Forest of Vitality","","117/132","Uncommon","Near Mint Reverse Holofoil","0.47","0.62","1.4500","0.1400","0","0","0.1500",""
"8936920","Pokemon","ME01: Mega Evolution","Frosmoth","","043/132","Uncommon","Near Mint","0.11","0.03","1.3200","0.0100","11","0","0.1500",""
"8936925","Pokemon","ME01: Mega Evolution","Frosmoth","","043/132","Uncommon","Near Mint Reverse Holofoil","0.26","0.19","1.3200","0.0100","0","0","0.1500",""
"8937315","Pokemon","ME01: Mega Evolution","Garganacl - 084/132","","084/132","Uncommon","Near Mint","0.08","0.03","1.3200","0.0100","12","0","0.1500",""
"8937320","Pokemon","ME01: Mega Evolution","Garganacl - 084/132","","084/132","Uncommon","Near Mint Reverse Holofoil","0.24","0.14","1.3300","0.0200","1","0","0.1500",""
"8937455","Pokemon","ME01: Mega Evolution","Gholdengo","","099/132","Uncommon","Near Mint","0.07","0.01","1.3200","0.0100","11","0","0.1500",""
"8937460","Pokemon","ME01: Mega Evolution","Gholdengo","","099/132","Uncommon","Near Mint Reverse Holofoil","0.17","0.11","1.3200","0.0100","1","0","0.1500",""
"8937150","Pokemon","ME01: Mega Evolution","Gimmighoul","","067/132","Common","Near Mint","0.06","0.03","1.3200","0.0100","9","0","0.1500",""
"8937155","Pokemon","ME01: Mega Evolution","Gimmighoul","","067/132","Common","Near Mint Reverse Holofoil","0.16","0.14","1.3200","0.0100","1","0","0.1500",""
"8937390","Pokemon","ME01: Mega Evolution","Grafaiai","","092/132","Common","Near Mint","0.09","0.03","1.3200","0.0100","9","0","0.1500",""
"8937395","Pokemon","ME01: Mega Evolution","Grafaiai","","092/132","Common","Near Mint Reverse Holofoil","0.21","0.18","1.3500","0.0400","0","0","0.1500",""
"8937130","Pokemon","ME01: Mega Evolution","Greavard","","065/132","Common","Near Mint","0.09","0.03","1.3200","0.0100","5","0","0.1500",""
"8937135","Pokemon","ME01: Mega Evolution","Greavard","","065/132","Common","Near Mint Reverse Holofoil","0.21","0.10","1.3200","0.0100","1","0","0.1500",""
"8937110","Pokemon","ME01: Mega Evolution","Grumpig","","063/132","Uncommon","Near Mint","0.07","0.01","1.3200","0.0100","6","0","0.1500",""
"8937115","Pokemon","ME01: Mega Evolution","Grumpig","","063/132","Uncommon","Near Mint Reverse Holofoil","0.17","0.14","1.3200","0.0100","0","0","0.1500",""
"8937555","Pokemon","ME01: Mega Evolution","Gumshoos - 110/132","","110/132","Uncommon","Near Mint","0.10","0.01","1.3200","0.0100","11","0","0.1500",""
"8937560","Pokemon","ME01: Mega Evolution","Gumshoos - 110/132","","110/132","Uncommon","Near Mint Reverse Holofoil","0.20","0.11","1.3200","0.0100","2","0","0.1500",""
"8937885","Pokemon","ME01: Mega Evolution","Gumshoos - 153/132","","153/132","Illustration Rare","Near Mint Holofoil","2.92","3.70","3.7000","2.3900","0","0","2.5000",""
"8937210","Pokemon","ME01: Mega Evolution","Hariyama","","073/132","Rare","Near Mint Holofoil","0.21","0.15","1.3200","0.0100","0","0","0.1500",""
"8937015","Pokemon","ME01: Mega Evolution","Heliolisk","","053/132","Common","Near Mint","0.06","0.01","1.3200","0.0100","9","0","0.1500",""
"8937005","Pokemon","ME01: Mega Evolution","Helioptile - 052/132","","052/132","Common","Near Mint","0.10","","1.3200","0.0100","8","0","0.1500",""
"8937010","Pokemon","ME01: Mega Evolution","Helioptile - 052/132","","052/132","Common","Near Mint Reverse Holofoil","0.21","0.21","1.3400","0.0300","0","0","0.1500",""
"8937140","Pokemon","ME01: Mega Evolution","Houndstone - 066/132","","066/132","Uncommon","Near Mint","0.13","0.01","1.3200","0.0100","10","0","0.1500",""
"8937145","Pokemon","ME01: Mega Evolution","Houndstone - 066/132","","066/132","Uncommon","Near Mint Reverse Holofoil","0.23","0.20","1.3300","0.0200","0","0","0.1500",""
"8936900","Pokemon","ME01: Mega Evolution","Inteleon - 041/132","","041/132","Uncommon","Near Mint","0.11","0.01","1.3200","0.0100","11","0","0.1500",""
"8937635","Pokemon","ME01: Mega Evolution","Iron Defender","","118/132","Uncommon","Near Mint","0.08","0.05","1.3200","0.0100","5","0","0.1500",""
"8937640","Pokemon","ME01: Mega Evolution","Iron Defender","","118/132","Uncommon","Near Mint Reverse Holofoil","0.19","0.18","1.3200","0.0100","0","0","0.1500",""
"8936525","Pokemon","ME01: Mega Evolution","Ivysaur - 002/132","","002/132","Common","Near Mint","0.18","0.19","1.3200","0.0100","0","0","0.1500",""
"8936530","Pokemon","ME01: Mega Evolution","Ivysaur - 002/132","","002/132","Common","Near Mint Reverse Holofoil","0.27","0.18","1.3400","0.0300","0","0","0.1500",""
"8937055","Pokemon","ME01: Mega Evolution","Jynx","","057/132","Common","Near Mint","0.12","0.05","1.3200","0.0100","1","0","0.1500",""
"8937060","Pokemon","ME01: Mega Evolution","Jynx","","057/132","Common","Near Mint Reverse Holofoil","0.16","0.10","1.3200","0.0100","0","0","0.1500",""
"8937035","Pokemon","ME01: Mega Evolution","Kadabra","","055/132","Uncommon","Near Mint","0.16","0.16","1.3200","0.0100","0","0","0.1500",""
"8937040","Pokemon","ME01: Mega Evolution","Kadabra","","055/132","Uncommon","Near Mint Reverse Holofoil","0.27","0.25","1.4000","0.0900","0","0","0.1500",""
"8937075","Pokemon","ME01: Mega Evolution","Kirlia","","059/132","Common","Near Mint","0.22","","1.3200","0.0100","0","0","0.1500",""
"8937080","Pokemon","ME01: Mega Evolution","Kirlia","","059/132","Common","Near Mint Reverse Holofoil","0.31","","1.3200","0.0100","0","0","0.1500",""
"8936835","Pokemon","ME01: Mega Evolution","Kyogre","","034/132","Rare","Near Mint Holofoil","0.17","0.14","1.3200","0.0100","4","0","0.1500",""
"8936840","Pokemon","ME01: Mega Evolution","Kyogre","","034/132","Rare","Near Mint Reverse Holofoil","0.22","0.22","1.3200","0.0100","0","0","0.1500",""
"8937470","Pokemon","ME01: Mega Evolution","Latios","","101/132","Uncommon","Near Mint","0.18","0.06","1.3200","0.0100","10","0","0.1500",""
"8937475","Pokemon","ME01: Mega Evolution","Latios","","101/132","Uncommon","Near Mint Reverse Holofoil","0.23","0.23","1.3200","0.0100","1","0","0.1500",""
"8937645","Pokemon","ME01: Mega Evolution","Lillie's Determination - 119/132","","119/132","Uncommon","Near Mint","0.41","","1.4500","0.1400","0","0","0.1500",""
"8937649","Pokemon","ME01: Mega Evolution","Lillie's Determination - 119/132","","119/132","Uncommon","Damaged","1.37","","1.7600","0.4500","0","0","0.4500",""
"8937650","Pokemon","ME01: Mega Evolution","Lillie's Determination - 119/132","","119/132","Uncommon","Near Mint Reverse Holofoil","0.65","","1.4500","0.1400","0","0","0.1500",""
"8936725","Pokemon","ME01: Mega Evolution","Litleo - 023/132","","023/132","Common","Near Mint","0.07","0.02","1.3200","0.0100","8","0","0.1500",""
"8936730","Pokemon","ME01: Mega Evolution","Litleo - 023/132","","023/132","Common","Near Mint Reverse Holofoil","0.21","0.15","1.3200","0.0100","1","0","0.1500",""
"8937535","Pokemon","ME01: Mega Evolution","Lopunny","","108/132","Common","Near Mint","0.11","0.03","1.3200","0.0100","11","0","0.1500",""
"8937540","Pokemon","ME01: Mega Evolution","Lopunny","","108/132","Common","Near Mint Reverse Holofoil","0.27","0.21","1.3200","0.0100","0","0","0.1500",""
"8937655","Pokemon","ME01: Mega Evolution","Lt. Surge's Bargain - 120/132","","120/132","Uncommon","Near Mint","0.14","0.09","1.3200","0.0100","9","0","0.1500",""
"8937660","Pokemon","ME01: Mega Evolution","Lt. Surge's Bargain - 120/132","","120/132","Uncommon","Near Mint Reverse Holofoil","0.19","0.20","1.3200","0.0100","0","0","0.1500",""
"8937220","Pokemon","ME01: Mega Evolution","Lunatone","","074/132","Rare","Near Mint Holofoil","0.25","0.25","1.3200","0.0100","0","0","0.1500",""
"8937225","Pokemon","ME01: Mega Evolution","Lunatone","","074/132","Rare","Near Mint Reverse Holofoil","0.25","0.28","1.3700","0.0600","0","0","0.1500",""
"8936940","Pokemon","ME01: Mega Evolution","Magnemite","","045/132","Common","Near Mint","0.12","0.06","1.3200","0.0100","10","0","0.1500",""
"8936945","Pokemon","ME01: Mega Evolution","Magnemite","","045/132","Common","Near Mint Reverse Holofoil","0.20","0.20","1.3200","0.0100","0","0","0.1500",""
"8936950","Pokemon","ME01: Mega Evolution","Magneton","","046/132","Common","Near Mint","0.15","0.06","1.3200","0.0100","1","0","0.1500",""
"8936955","Pokemon","ME01: Mega Evolution","Magneton","","046/132","Common","Near Mint Reverse Holofoil","0.17","0.17","1.3200","0.0100","0","0","0.1500",""
"8936960","Pokemon","ME01: Mega Evolution","Magnezone","","047/132","Uncommon","Near Mint","0.12","0.03","1.3200","0.0100","9","0","0.1500",""
"8936965","Pokemon","ME01: Mega Evolution","Magnezone","","047/132","Uncommon","Near Mint Reverse Holofoil","0.18","0.13","1.3300","0.0200","3","0","0.1500",""
"8937200","Pokemon","ME01: Mega Evolution","Makuhita","","072/132","Common","Near Mint","0.17","","1.3200","0.0100","6","0","0.1500",""
"8937205","Pokemon","ME01: Mega Evolution","Makuhita","","072/132","Common","Near Mint Reverse Holofoil","0.20","0.25","1.3200","0.0100","0","0","0.1500",""
"8936815","Pokemon","ME01: Mega Evolution","Mantine","","032/132","Common","Near Mint","0.12","0.04","1.3200","0.0100","9","0","0.1500",""
"8936820","Pokemon","ME01: Mega Evolution","Mantine","","032/132","Common","Near Mint Reverse Holofoil","0.20","0.17","1.3200","0.0100","0","0","0.1500",""
"8937275","Pokemon","ME01: Mega Evolution","Marshadow - 080/132","","080/132","Uncommon","Near Mint","0.03","0.02","1.3200","0.0100","10","0","0.1500",""
"8936855","Pokemon","ME01: Mega Evolution","Mega Abomasnow ex - 036/132","","036/132","Double Rare","Near Mint Holofoil","0.47","0.74","1.4600","0.1500","0","0","0.1500",""
"8937335","Pokemon","ME01: Mega Evolution","Mega Absol ex - 086/132","","086/132","Double Rare","Near Mint Holofoil","0.71","","1.5400","0.1500","0","0","0.1500",""
"8938020","Pokemon","ME01: Mega Evolution","Mega Absol ex - 180/132","","180/132","Special Illustration Rare","Near Mint Holofoil","54.34","","56.3200","56.3200","0","0","52.9500",""
"8936720","Pokemon","ME01: Mega Evolution","Mega Camerupt ex - 022/132","","022/132","Double Rare","Near Mint Holofoil","0.46","0.72","1.4100","0.1000","0","0","0.1500",""
"8937085","Pokemon","ME01: Mega Evolution","Mega Gardevoir ex - 060/132","","060/132","Double Rare","Near Mint Holofoil","0.54","0.76","1.5600","0.2500","0","0","0.1500",""
"8937500","Pokemon","ME01: Mega Evolution","Mega Kangaskhan ex - 104/132","","104/132","Double Rare","Near Mint Holofoil","0.75","","1.5500","0.2400","0","0","0.2500",""
"8938030","Pokemon","ME01: Mega Evolution","Mega Kangaskhan ex - 182/132","","182/132","Special Illustration Rare","Near Mint Holofoil","61.98","","59.9900","58.6800","0","0","56.2800",""
"8937465","Pokemon","ME01: Mega Evolution","Mega Latias ex - 100/132","","100/132","Double Rare","Near Mint Holofoil","0.56","","1.4100","0.1000","0","0","0.2400",""
"8937250","Pokemon","ME01: Mega Evolution","Mega Lucario ex - 077/132","","077/132","Double Rare","Near Mint Holofoil","1.10","","1.8100","0.5000","0","0","0.1500",""
"8936990","Pokemon","ME01: Mega Evolution","Mega Manectric ex - 050/132","","050/132","Double Rare","Near Mint Holofoil","0.44","0.79","1.4500","0.1400","0","0","0.1500",""
"8937410","Pokemon","ME01: Mega Evolution","Mega Mawile ex - 094/132","","094/132","Double Rare","Near Mint Holofoil","0.55","0.85","1.5100","0.2000","0","0","0.1800",""
"8937930","Pokemon","ME01: Mega Evolution","Mega Mawile ex - 162/132","","162/132","Ultra Rare","Near Mint Holofoil","2.65","","3.3100","2.0000","0","0","1.9900",""
"8937665","Pokemon","ME01: Mega Evolution","Mega Signal - 121/132","","121/132","Uncommon","Near Mint","0.14","0.05","1.3200","0.0100","15","0","0.1500",""
"8937670","Pokemon","ME01: Mega Evolution","Mega Signal - 121/132","","121/132","Uncommon","Near Mint Reverse Holofoil","0.24","0.20","1.3200","0.0100","1","0","0.1500",""
"8936535","Pokemon","ME01: Mega Evolution","Mega Venusaur ex - 003/132","","003/132","Double Rare","Near Mint Holofoil","0.71","","1.5100","0.2000","0","0","0.1800",""
"8936600","Pokemon","ME01: Mega Evolution","Meganium","","010/132","Rare","Near Mint Holofoil","0.24","0.19","1.3200","0.0100","1","0","0.1500",""
"8936605","Pokemon","ME01: Mega Evolution","Meganium","","010/132","Rare","Near Mint Reverse Holofoil","0.23","0.25","1.3200","0.0100","0","0","0.1500",""
"8937515","Pokemon","ME01: Mega Evolution","Miltank","","106/132","Common","Near Mint","0.10","0.03","1.3200","0.0100","10","0","0.1500",""
"8937520","Pokemon","ME01: Mega Evolution","Miltank","","106/132","Common","Near Mint Reverse Holofoil","0.20","0.18","1.3200","0.0100","0","0","0.1500",""
"8937675","Pokemon","ME01: Mega Evolution","Mystery Garden - 122/132","","122/132","Uncommon","Near Mint","0.12","0.07","1.3200","0.0100","6","0","0.1500",""
"8937680","Pokemon","ME01: Mega Evolution","Mystery Garden - 122/132","","122/132","Uncommon","Near Mint Reverse Holofoil","0.27","0.18","1.3200","0.0100","0","0","0.1500",""
"8937295","Pokemon","ME01: Mega Evolution","Nacli","","082/132","Common","Near Mint","0.10","0.02","1.3200","0.0100","7","0","0.1500",""
"8937300","Pokemon","ME01: Mega Evolution","Nacli","","082/132","Common","Near Mint Reverse Holofoil","0.23","0.12","1.3200","0.0100","1","0","0.1500",""
"8937305","Pokemon","ME01: Mega Evolution","Naclstack","","083/132","Common","Near Mint","0.18","0.09","1.3200","0.0100","2","0","0.1500",""
"8937310","Pokemon","ME01: Mega Evolution","Naclstack","","083/132","Common","Near Mint Reverse Holofoil","0.22","0.15","1.3200","0.0100","0","0","0.1500",""
"8937360","Pokemon","ME01: Mega Evolution","Nickit","","089/132","Common","Near Mint","0.11","0.03","1.3200","0.0100","10","0","0.1500",""
"8936660","Pokemon","ME01: Mega Evolution","Nincada","","016/132","Common","Near Mint","0.10","0.02","1.3200","0.0100","7","0","0.1500",""
"8936665","Pokemon","ME01: Mega Evolution","Nincada","","016/132","Common","Near Mint Reverse Holofoil","0.16","0.10","1.3200","0.0100","0","0","0.1500",""
"8936700","Pokemon","ME01: Mega Evolution","Ninetales","","020/132","Uncommon","Near Mint","0.12","0.05","1.3200","0.0100","13","0","0.1500",""
"8936705","Pokemon","ME01: Mega Evolution","Ninetales","","020/132","Uncommon","Near Mint Reverse Holofoil","0.27","0.23","1.3300","0.0200","1","0","0.1500",""
"8936670","Pokemon","ME01: Mega Evolution","Ninjask - 017/132","","017/132","Uncommon","Near Mint","0.10","0.04","1.3200","0.0100","9","0","0.1500",""
"8936675","Pokemon","ME01: Mega Evolution","Ninjask - 017/132","","017/132","Uncommon","Near Mint Reverse Holofoil","0.20","0.11","1.3200","0.0100","0","0","0.1500",""
"8936710","Pokemon","ME01: Mega Evolution","Numel","","021/132","Common","Near Mint","0.09","0.04","1.3200","0.0100","9","0","0.1500",""
"8936715","Pokemon","ME01: Mega Evolution","Numel","","021/132","Common","Near Mint Reverse Holofoil","0.17","0.18","1.3200","0.0100","0","0","0.1500",""
"8936640","Pokemon","ME01: Mega Evolution","Nuzleaf","","014/132","Common","Near Mint","0.07","0.04","1.3200","0.0100","8","0","0.1500",""
"8936645","Pokemon","ME01: Mega Evolution","Nuzleaf","","014/132","Common","Near Mint Reverse Holofoil","0.13","0.09","1.3200","0.0100","1","0","0.1500",""
"8937180","Pokemon","ME01: Mega Evolution","Onix","","070/132","Common","Near Mint","0.08","0.03","1.3200","0.0100","13","0","0.1500",""
"8937185","Pokemon","ME01: Mega Evolution","Onix","","070/132","Common","Near Mint Reverse Holofoil","0.23","0.15","1.3200","0.0100","0","0","0.1500",""
"8936995","Pokemon","ME01: Mega Evolution","Pachirisu","","051/132","Common","Near Mint","0.12","0.05","1.3200","0.0100","9","0","0.1500",""
"8937000","Pokemon","ME01: Mega Evolution","Pachirisu","","051/132","Common","Near Mint Reverse Holofoil","0.27","0.14","1.3200","0.0100","1","0","0.1500",""
"8937685","Pokemon","ME01: Mega Evolution","Pokemon Center Lady","","123/132","Common","Near Mint","0.18","0.08","1.3200","0.0100","4","0","0.1500",""
"8937690","Pokemon","ME01: Mega Evolution","Pokemon Center Lady","","123/132","Common","Near Mint Reverse Holofoil","0.24","0.13","1.3200","0.0100","0","0","0.1500",""
"8937695","Pokemon","ME01: Mega Evolution","Premium Power Pro - 124/132","","124/132","Uncommon","Near Mint","0.20","0.15","1.3200","0.0100","0","0","0.1500",""
"8937700","Pokemon","ME01: Mega Evolution","Premium Power Pro - 124/132","","124/132","Uncommon","Near Mint Reverse Holofoil","0.25","0.16","1.3200","0.0100","0","0","0.1500",""
"8936735","Pokemon","ME01: Mega Evolution","Pyroar","","024/132","Uncommon","Near Mint","0.09","0.03","1.3200","0.0100","7","0","0.1500",""
"8936740","Pokemon","ME01: Mega Evolution","Pyroar","","024/132","Uncommon","Near Mint Reverse Holofoil","0.17","0.14","1.3200","0.0100","0","0","0.1500",""
"8936765","Pokemon","ME01: Mega Evolution","Raboot","","027/132","Common","Near Mint","0.12","0.05","1.3200","0.0100","2","0","0.1500",""
"8936770","Pokemon","ME01: Mega Evolution","Raboot","","027/132","Common","Near Mint Reverse Holofoil","0.23","0.15","1.3200","0.0100","1","0","0.1500",""
"8936970","Pokemon","ME01: Mega Evolution","Raikou","","048/132","Rare","Near Mint Holofoil","0.14","0.10","1.3200","0.0100","0","0","0.1500",""
"8936975","Pokemon","ME01: Mega Evolution","Raikou","","048/132","Rare","Near Mint Reverse Holofoil","0.24","0.10","1.3200","0.0100","0","0","0.1500",""
"8937065","Pokemon","ME01: Mega Evolution","Ralts","","058/132","Common","Near Mint","0.23","0.14","1.3200","0.0100","0","0","0.1500",""
"8937070","Pokemon","ME01: Mega Evolution","Ralts","","058/132","Common","Near Mint Reverse Holofoil","0.25","0.17","1.3200","0.0100","0","0","0.1500",""
"8937705","Pokemon","ME01: Mega Evolution","Rare Candy - 125/132","","125/132","Common","Near Mint","0.13","","1.3200","0.0100","0","0","0.1500",""
"8937715","Pokemon","ME01: Mega Evolution","Repel","","126/132","Uncommon","Near Mint","0.12","0.05","1.3200","0.0100","13","0","0.1500",""
"8937720","Pokemon","ME01: Mega Evolution","Repel","","126/132","Uncommon","Near Mint Reverse Holofoil","0.15","0.14","1.3200","0.0100","0","0","0.1500",""
"8937240","Pokemon","ME01: Mega Evolution","Riolu","","076/132","Common","Near Mint","0.11","","1.3200","0.0100","0","0","0.1500",""
"8937725","Pokemon","ME01: Mega Evolution","Risky Ruins","","127/132","Uncommon","Near Mint","0.13","0.07","1.3200","0.0100","0","0","0.1500",""
"8937730","Pokemon","ME01: Mega Evolution","Risky Ruins","","127/132","Uncommon","Near Mint Reverse Holofoil","0.25","0.25","1.3200","0.0100","0","0","0.1500",""
"8937160","Pokemon","ME01: Mega Evolution","Sandshrew","","068/132","Common","Near Mint","0.18","0.05","1.3200","0.0100","8","0","0.1500",""
"8937165","Pokemon","ME01: Mega Evolution","Sandshrew","","068/132","Common","Near Mint Reverse Holofoil","0.23","0.18","1.3200","0.0100","1","0","0.1500",""
"8937170","Pokemon","ME01: Mega Evolution","Sandslash","","069/132","Common","Near Mint","0.10","0.02","1.3200","0.0100","8","0","0.1500",""
"8937175","Pokemon","ME01: Mega Evolution","Sandslash","","069/132","Common","Near Mint Reverse Holofoil","0.23","0.14","1.3200","0.0100","0","0","0.1500",""
"8936755","Pokemon","ME01: Mega Evolution","Scorbunny","","026/132","Common","Near Mint","0.15","0.05","1.3200","0.0100","9","0","0.1500",""
"8936760","Pokemon","ME01: Mega Evolution","Scorbunny","","026/132","Common","Near Mint Reverse Holofoil","0.23","0.13","1.3200","0.0100","1","0","0.1500",""
"8936630","Pokemon","ME01: Mega Evolution","Seedot","","013/132","Common","Near Mint","0.06","0.03","1.3200","0.0100","8","0","0.1500",""
"8936635","Pokemon","ME01: Mega Evolution","Seedot","","013/132","Common","Near Mint Reverse Holofoil","0.17","0.14","1.3300","0.0200","1","0","0.1500",""
"8937090","Pokemon","ME01: Mega Evolution","Shedinja - 061/132","","061/132","Uncommon","Near Mint","0.13","0.04","1.3200","0.0100","13","0","0.1500",""
"8937095","Pokemon","ME01: Mega Evolution","Shedinja - 061/132","","061/132","Uncommon","Near Mint Reverse Holofoil","0.20","0.13","1.3200","0.0100","0","0","0.1500",""
"8936650","Pokemon","ME01: Mega Evolution","Shiftry","","015/132","Uncommon","Near Mint","0.07","0.02","1.3200","0.0100","9","0","0.1500",""
"8936655","Pokemon","ME01: Mega Evolution","Shiftry","","015/132","Uncommon","Near Mint Reverse Holofoil","0.19","0.10","1.3200","0.0100","0","0","0.1500",""
"8937380","Pokemon","ME01: Mega Evolution","Shroodle - 091/132","","091/132","Common","Near Mint","0.05","0.02","1.3200","0.0100","8","0","0.1500",""
"8937385","Pokemon","ME01: Mega Evolution","Shroodle - 091/132","","091/132","Common","Near Mint Reverse Holofoil","0.20","0.13","1.3300","0.0200","1","0","0.1500",""
"8936610","Pokemon","ME01: Mega Evolution","Shuckle - 011/132","","011/132","Uncommon","Near Mint","0.12","0.06","1.3200","0.0100","11","0","0.1500",""
"8937800","Pokemon","ME01: Mega Evolution","Shuckle - 136/132","","136/132","Illustration Rare","Near Mint Holofoil","4.42","","4.7100","3.4000","0","0","3.0400",""
"8936785","Pokemon","ME01: Mega Evolution","Sizzlipede","","029/132","Common","Near Mint","0.07","0.04","1.3200","0.0100","10","0","0.1500",""
"8936790","Pokemon","ME01: Mega Evolution","Sizzlipede","","029/132","Common","Near Mint Reverse Holofoil","0.14","0.10","1.3200","0.0100","1","0","0.1500",""
"8936910","Pokemon","ME01: Mega Evolution","Snom","","042/132","Common","Near Mint","0.14","0.04","1.3200","0.0100","9","0","0.1500",""
"8936915","Pokemon","ME01: Mega Evolution","Snom","","042/132","Common","Near Mint Reverse Holofoil","0.22","0.18","1.3200","0.0100","1","0","0.1500",""
"8936845","Pokemon","ME01: Mega Evolution","Snover - 035/132","","035/132","Common","Near Mint","0.13","0.06","1.3200","0.0100","2","0","0.1500",""
"8936850","Pokemon","ME01: Mega Evolution","Snover - 035/132","","035/132","Common","Near Mint Reverse Holofoil","0.18","0.15","1.3200","0.0100","0","0","0.1500",""
"8936880","Pokemon","ME01: Mega Evolution","Sobble","","039/132","Common","Near Mint","0.09","0.04","1.3200","0.0100","9","0","0.1500",""
"8936885","Pokemon","ME01: Mega Evolution","Sobble","","039/132","Common","Near Mint Reverse Holofoil","0.18","0.10","1.3200","0.0100","1","0","0.1500",""
"8937230","Pokemon","ME01: Mega Evolution","Solrock","","075/132","Uncommon","Near Mint","0.19","","1.3200","0.0100","0","0","0.1500",""
"8937235","Pokemon","ME01: Mega Evolution","Solrock","","075/132","Uncommon","Near Mint Reverse Holofoil","0.29","0.25","1.3200","0.0100","0","0","0.1500",""
"8937480","Pokemon","ME01: Mega Evolution","Spearow - 102/132","","102/132","Common","Near Mint","0.08","0.02","1.3200","0.0100","13","0","0.1500",""
"8937485","Pokemon","ME01: Mega Evolution","Spearow - 102/132","","102/132","Common","Near Mint Reverse Holofoil","0.17","0.14","1.3400","0.0300","1","0","0.1500",""
"8937340","Pokemon","ME01: Mega Evolution","Spiritomb - 087/132","","087/132","Uncommon","Near Mint","0.10","0.04","1.3200","0.0100","12","0","0.1500",""
"8937345","Pokemon","ME01: Mega Evolution","Spiritomb - 087/132","","087/132","Uncommon","Near Mint Reverse Holofoil","0.21","0.14","1.3400","0.0300","1","0","0.1500",""
"8937100","Pokemon","ME01: Mega Evolution","Spoink","","062/132","Common","Near Mint","0.07","0.03","1.3200","0.0100","8","0","0.1500",""
"8937105","Pokemon","ME01: Mega Evolution","Spoink","","062/132","Common","Near Mint Reverse Holofoil","0.20","0.13","1.3200","0.0100","1","0","0.1500",""
"8937400","Pokemon","ME01: Mega Evolution","Steelix - 093/132","","093/132","Rare","Near Mint Holofoil","0.12","0.08","1.3200","0.0100","9","0","0.1500",""
"8937405","Pokemon","ME01: Mega Evolution","Steelix - 093/132","","093/132","Rare","Near Mint Reverse Holofoil","0.21","0.15","1.3200","0.0100","1","0","0.1500",""
"8937285","Pokemon","ME01: Mega Evolution","Stonjourner","","081/132","Uncommon","Near Mint","0.03","0.01","1.3200","0.0100","12","0","0.1500",""
"8937290","Pokemon","ME01: Mega Evolution","Stonjourner","","081/132","Uncommon","Near Mint Reverse Holofoil","0.13","0.11","1.3200","0.0100","1","0","0.1500",""
"8937735","Pokemon","ME01: Mega Evolution","Strange Timepiece","","128/132","Uncommon","Near Mint","0.09","0.04","1.3200","0.0100","8","0","0.1500",""
"8937740","Pokemon","ME01: Mega Evolution","Strange Timepiece","","128/132","Uncommon","Near Mint Reverse Holofoil","0.18","0.18","1.3200","0.0100","0","0","0.1500",""
"8937565","Pokemon","ME01: Mega Evolution","Stufful - 111/132","","111/132","Common","Near Mint","0.10","0.04","1.3200","0.0100","7","0","0.1500",""
"8937570","Pokemon","ME01: Mega Evolution","Stufful - 111/132","","111/132","Common","Near Mint Reverse Holofoil","0.23","0.14","1.3300","0.0200","2","0","0.1500",""
"8937890","Pokemon","ME01: Mega Evolution","Stufful - 154/132","","154/132","Illustration Rare","Near Mint Holofoil","3.66","4.48","4.1600","2.8500","0","0","0.1500",""
"8937745","Pokemon","ME01: Mega Evolution","Surfing Beach","","129/132","Uncommon","Near Mint","0.18","0.09","1.3200","0.0100","0","0","0.1500",""
"8937755","Pokemon","ME01: Mega Evolution","Switch","","130/132","Common","Near Mint","0.10","","1.3200","0.0100","1","0","0.1500",""
"8937760","Pokemon","ME01: Mega Evolution","Switch","","130/132","Common","Near Mint Reverse Holofoil","0.22","0.29","1.3200","0.0100","0","0","0.1500",""
"8936560","Pokemon","ME01: Mega Evolution","Tangela","","006/132","Common","Near Mint","0.06","0.03","1.3200","0.0100","9","0","0.1500",""
"8936565","Pokemon","ME01: Mega Evolution","Tangela","","006/132","Common","Near Mint Reverse Holofoil","0.23","0.14","1.3200","0.0100","3","0","0.1500",""
"8936570","Pokemon","ME01: Mega Evolution","Tangrowth","","007/132","Uncommon","Near Mint","0.11","0.01","1.3200","0.0100","11","0","0.1500",""
"8937370","Pokemon","ME01: Mega Evolution","Thievul","","090/132","Common","Near Mint","0.09","0.02","1.3200","0.0100","4","0","0.1500",""
"8937375","Pokemon","ME01: Mega Evolution","Thievul","","090/132","Common","Near Mint Reverse Holofoil","0.23","0.10","1.3200","0.0100","2","0","0.1500",""
"8937425","Pokemon","ME01: Mega Evolution","Tinkatink","","096/132","Common","Near Mint","0.12","0.03","1.3200","0.0100","8","0","0.1500",""
"8937430","Pokemon","ME01: Mega Evolution","Tinkatink","","096/132","Common","Near Mint Reverse Holofoil","0.24","0.14","1.3300","0.0200","2","0","0.1500",""
"8937445","Pokemon","ME01: Mega Evolution","Tinkaton","","098/132","Uncommon","Near Mint","0.07","0.03","1.3200","0.0100","8","0","0.1500",""
"8937435","Pokemon","ME01: Mega Evolution","Tinkatuff","","097/132","Common","Near Mint","0.09","0.04","1.3200","0.0100","10","0","0.1500",""
"8937440","Pokemon","ME01: Mega Evolution","Tinkatuff","","097/132","Common","Near Mint Reverse Holofoil","0.23","0.11","1.3200","0.0100","2","0","0.1500",""
"8937265","Pokemon","ME01: Mega Evolution","Toxicroak","","079/132","Common","Near Mint","0.07","0.02","1.3200","0.0100","8","0","0.1500",""
"8937270","Pokemon","ME01: Mega Evolution","Toxicroak","","079/132","Common","Near Mint Reverse Holofoil","0.16","0.10","1.3200","0.0100","2","0","0.1500",""
"8937190","Pokemon","ME01: Mega Evolution","Tyrogue","","071/132","Common","Near Mint","0.13","0.05","1.3200","0.0100","9","0","0.1500",""
"8937195","Pokemon","ME01: Mega Evolution","Tyrogue","","071/132","Common","Near Mint Reverse Holofoil","0.23","0.15","1.3200","0.0100","1","0","0.1500",""
"8937765","Pokemon","ME01: Mega Evolution","Ultra Ball","","131/132","Common","Near Mint","0.16","","1.3600","0.0500","0","0","0.1500",""
"8937770","Pokemon","ME01: Mega Evolution","Ultra Ball","","131/132","Common","Near Mint Reverse Holofoil","0.29","","1.3300","0.0200","0","0","0.1500",""
"8936745","Pokemon","ME01: Mega Evolution","Volcanion","","025/132","Uncommon","Near Mint","0.07","0.04","1.3200","0.0100","8","0","0.1500",""
"8936750","Pokemon","ME01: Mega Evolution","Volcanion","","025/132","Uncommon","Near Mint Reverse Holofoil","0.23","0.20","1.3200","0.0100","1","0","0.1500",""
"8936690","Pokemon","ME01: Mega Evolution","Vulpix - 019/132","","019/132","Common","Near Mint","0.12","0.03","1.3200","0.0100","11","0","0.1500",""
"8936695","Pokemon","ME01: Mega Evolution","Vulpix - 019/132","","019/132","Common","Near Mint Reverse Holofoil","0.21","0.19","1.3200","0.0100","2","0","0.1500",""
"8937775","Pokemon","ME01: Mega Evolution","Wally's Compassion - 132/132","","132/132","Uncommon","Near Mint","0.19","0.13","1.3200","0.0100","3","0","0.1500",""
"8937780","Pokemon","ME01: Mega Evolution","Wally's Compassion - 132/132","","132/132","Uncommon","Near Mint Reverse Holofoil","0.23","0.16","1.3200","0.0100","0","0","0.1500",""
"8937120","Pokemon","ME01: Mega Evolution","Xerneas","","064/132","Rare","Near Mint Holofoil","0.14","0.08","1.3200","0.0100","8","0","0.1500",""
"8937125","Pokemon","ME01: Mega Evolution","Xerneas","","064/132","Rare","Near Mint Reverse Holofoil","0.19","0.19","1.3200","0.0100","0","0","0.1500",""
"8937545","Pokemon","ME01: Mega Evolution","Yungoos","","109/132","Common","Near Mint","0.09","0.03","1.3200","0.0100","9","0","0.1500",""
"8937550","Pokemon","ME01: Mega Evolution","Yungoos","","109/132","Common","Near Mint Reverse Holofoil","0.17","0.15","1.3200","0.0100","2","0","0.1500",""
"8937350","Pokemon","ME01: Mega Evolution","Yveltal","","088/132","Rare","Near Mint Holofoil","0.12","0.14","1.3200","0.0100","0","0","0.1500",""
"8937355","Pokemon","ME01: Mega Evolution","Yveltal","","088/132","Rare","Near Mint Reverse Holofoil","0.24","0.18","1.3300","0.0200","0","0","0.1500",""
"8995789","Pokemon","ME02: Phantasmal Flames","Absol","","063/094","Common","Near Mint","0.10","0.04","1.3200","0.0100","9","0","0.1500",""
"8995794","Pokemon","ME02: Phantasmal Flames","Absol","","063/094","Common","Near Mint Reverse Holofoil","0.16","0.10","1.3200","0.0100","3","0","0.1500",""
"8995799","Pokemon","ME02: Phantasmal Flames","Aipom","","078/094","Common","Near Mint","0.06","0.03","1.3200","0.0100","17","0","0.1500",""
"8995804","Pokemon","ME02: Phantasmal Flames","Aipom","","078/094","Common","Near Mint Reverse Holofoil","0.13","0.10","1.3200","0.0100","4","0","0.1500",""
"8973021","Pokemon","ME02: Phantasmal Flames","Alcremie","","044/094","Uncommon","Near Mint","0.05","0.04","1.3200","0.0100","12","0","0.1500",""
"9016571","Pokemon","ME02: Phantasmal Flames","Alcremie","","044/094","Uncommon","Near Mint Reverse Holofoil","0.16","0.11","1.3200","0.0100","2","0","0.1500",""
"8995809","Pokemon","ME02: Phantasmal Flames","Ambipom - 079/094","","079/094","Rare","Near Mint Holofoil","0.10","0.06","1.3200","0.0100","11","0","0.1500",""
"8995814","Pokemon","ME02: Phantasmal Flames","Ambipom - 079/094","","079/094","Rare","Near Mint Reverse Holofoil","0.18","0.10","1.3200","0.0100","1","0","0.1500",""
"8995819","Pokemon","ME02: Phantasmal Flames","Ambipom - 107/094","","107/094","Illustration Rare","Near Mint Holofoil","1.76","","2.1600","0.8500","0","0","0.9900",""
"8995824","Pokemon","ME02: Phantasmal Flames","Archaludon","","075/094","Uncommon","Near Mint","0.03","0.02","1.3200","0.0100","18","0","0.1500",""
"8995829","Pokemon","ME02: Phantasmal Flames","Archaludon","","075/094","Uncommon","Near Mint Reverse Holofoil","0.13","0.10","1.3200","0.0100","3","0","0.1500",""
"8995834","Pokemon","ME02: Phantasmal Flames","Battle Cage - 085/094","","085/094","Uncommon","Near Mint","0.16","0.14","1.3200","0.0100","0","0","0.1500",""
"8995839","Pokemon","ME02: Phantasmal Flames","Battle Cage - 085/094","","085/094","Uncommon","Near Mint Reverse Holofoil","0.24","0.25","1.3400","0.0300","0","0","0.1500",""
"8995844","Pokemon","ME02: Phantasmal Flames","Battle Cage - 116/094","","116/094","Ultra Rare","Near Mint Holofoil","1.88","","2.5000","1.1900","0","0","1.5000",""
"8995849","Pokemon","ME02: Phantasmal Flames","Blowtorch - 086/094","","086/094","Uncommon","Near Mint","0.06","0.04","1.3200","0.0100","15","0","0.1500",""
"8995854","Pokemon","ME02: Phantasmal Flames","Blowtorch - 086/094","","086/094","Uncommon","Near Mint Reverse Holofoil","0.15","0.10","1.3200","0.0100","1","0","0.1500",""
"8995864","Pokemon","ME02: Phantasmal Flames","Boltund","","031/094","Common","Near Mint","0.06","0.03","1.3200","0.0100","13","0","0.1500",""
"8995869","Pokemon","ME02: Phantasmal Flames","Boltund","","031/094","Common","Near Mint Reverse Holofoil","0.21","0.13","1.3200","0.0100","1","0","0.1500",""
"8995874","Pokemon","ME02: Phantasmal Flames","Brambleghast","","047/094","Uncommon","Near Mint","0.08","0.03","1.3200","0.0100","13","0","0.1500",""
"8995879","Pokemon","ME02: Phantasmal Flames","Brambleghast","","047/094","Uncommon","Near Mint Reverse Holofoil","0.16","0.15","1.3200","0.0100","2","0","0.1500",""
"8995884","Pokemon","ME02: Phantasmal Flames","Bramblin","","046/094","Common","Near Mint","0.08","0.03","1.3200","0.0100","6","0","0.1500",""
"8995889","Pokemon","ME02: Phantasmal Flames","Bramblin","","046/094","Common","Near Mint Reverse Holofoil","0.20","0.10","1.3200","0.0100","3","0","0.1500",""
"8995894","Pokemon","ME02: Phantasmal Flames","Bronzong","","072/094","Uncommon","Near Mint","0.05","0.03","1.3200","0.0100","14","0","0.1500",""
"8995899","Pokemon","ME02: Phantasmal Flames","Bronzong","","072/094","Uncommon","Near Mint Reverse Holofoil","0.16","0.12","1.3200","0.0100","2","0","0.1500",""
"8995904","Pokemon","ME02: Phantasmal Flames","Bronzor","","071/094","Common","Near Mint","0.07","0.03","1.3200","0.0100","17","0","0.1500",""
"8995909","Pokemon","ME02: Phantasmal Flames","Bronzor","","071/094","Common","Near Mint Reverse Holofoil","0.13","0.09","1.3200","0.0100","4","0","0.1500",""
"8995914","Pokemon","ME02: Phantasmal Flames","Buneary","","083/094","Common","Near Mint","0.13","0.08","1.3200","0.0100","0","0","0.1500",""
"8995919","Pokemon","ME02: Phantasmal Flames","Buneary","","083/094","Common","Near Mint Reverse Holofoil","0.18","0.12","1.3400","0.0300","0","0","0.1500",""
"8995924","Pokemon","ME02: Phantasmal Flames","Carvanha","","060/094","Common","Near Mint","0.13","0.10","1.3200","0.0100","3","0","0.1500",""
"8995929","Pokemon","ME02: Phantasmal Flames","Carvanha","","060/094","Common","Near Mint Reverse Holofoil","0.21","0.20","1.3200","0.0100","0","0","0.1500",""
"8995934","Pokemon","ME02: Phantasmal Flames","Ceruledge","","020/094","Uncommon","Near Mint","0.10","0.04","1.3200","0.0100","14","0","0.1500",""
"8995939","Pokemon","ME02: Phantasmal Flames","Ceruledge","","020/094","Uncommon","Near Mint Reverse Holofoil","0.18","0.10","1.3200","0.0100","3","0","0.1500",""
"8995944","Pokemon","ME02: Phantasmal Flames","Charcadet","","019/094","Common","Near Mint","0.14","0.05","1.3200","0.0100","18","0","0.1500",""
"8995949","Pokemon","ME02: Phantasmal Flames","Charcadet","","019/094","Common","Near Mint Reverse Holofoil","0.17","0.17","1.3200","0.0100","0","0","0.1500",""
"8995954","Pokemon","ME02: Phantasmal Flames","Charmander","","011/094","Common","Near Mint","0.16","0.10","1.3200","0.0100","9","0","0.1500",""
"8995959","Pokemon","ME02: Phantasmal Flames","Charmander","","011/094","Common","Near Mint Reverse Holofoil","0.20","0.15","1.3200","0.0100","0","0","0.1500",""
"8995964","Pokemon","ME02: Phantasmal Flames","Charmeleon","","012/094","Common","Near Mint","0.14","0.09","1.3200","0.0100","11","0","0.1500",""
"8995969","Pokemon","ME02: Phantasmal Flames","Charmeleon","","012/094","Common","Near Mint Reverse Holofoil","0.20","0.24","1.3200","0.0100","0","0","0.1500",""
"8995974","Pokemon","ME02: Phantasmal Flames","Cresselia","","039/094","Uncommon","Near Mint","0.08","0.04","1.3200","0.0100","13","0","0.1500",""
"8995979","Pokemon","ME02: Phantasmal Flames","Cresselia","","039/094","Uncommon","Near Mint Reverse Holofoil","0.21","0.17","1.3200","0.0100","1","0","0.1500",""
"8995984","Pokemon","ME02: Phantasmal Flames","Darmanitan","","016/094","Uncommon","Near Mint","0.09","0.01","1.3200","0.0100","10","0","0.1500",""
"8995989","Pokemon","ME02: Phantasmal Flames","Darmanitan","","016/094","Uncommon","Near Mint Reverse Holofoil","0.18","0.01","1.3200","0.0100","3","0","0.1500",""
"8995994","Pokemon","ME02: Phantasmal Flames","Darumaka","","015/094","Common","Near Mint","0.06","0.01","1.3200","0.0100","15","0","0.1500",""
"8995999","Pokemon","ME02: Phantasmal Flames","Darumaka","","015/094","Common","Near Mint Reverse Holofoil","0.16","0.01","1.3200","0.0100","2","0","0.1500",""
"8973177","Pokemon","ME02: Phantasmal Flames","Dawn","","087/094","Uncommon","Near Mint","0.20","","1.3200","0.0100","0","0","0.1500",""
"8973182","Pokemon","ME02: Phantasmal Flames","Dawn","","087/094","Uncommon","Near Mint Reverse Holofoil","0.20","","1.3900","0.0800","0","0","0.1500",""
"8996024","Pokemon","ME02: Phantasmal Flames","Dewgong - 022/094","","022/094","Common","Near Mint","0.07","0.03","1.3200","0.0100","11","0","0.1500",""
"8996029","Pokemon","ME02: Phantasmal Flames","Dewgong - 022/094","","022/094","Common","Near Mint Reverse Holofoil","0.19","0.14","1.3300","0.0200","2","0","0.1500",""
"8996034","Pokemon","ME02: Phantasmal Flames","Dewgong - 097/094","","097/094","Illustration Rare","Near Mint Holofoil","3.93","","3.8100","2.5000","0","0","3.1000",""
"8996039","Pokemon","ME02: Phantasmal Flames","Dizzying Valley","","088/094","Uncommon","Near Mint","0.09","0.02","1.3200","0.0100","4","0","0.1500",""
"8996044","Pokemon","ME02: Phantasmal Flames","Dizzying Valley","","088/094","Uncommon","Near Mint Reverse Holofoil","0.15","0.10","1.3200","0.0100","3","0","0.1500",""
"8996049","Pokemon","ME02: Phantasmal Flames","Duraludon","","074/094","Common","Near Mint","0.09","0.03","1.3200","0.0100","17","0","0.1500",""
"8996054","Pokemon","ME02: Phantasmal Flames","Duraludon","","074/094","Common","Near Mint Reverse Holofoil","0.17","0.13","1.3200","0.0100","2","0","0.1500",""
"8996059","Pokemon","ME02: Phantasmal Flames","Empoleon ex - 070/094","","070/094","Double Rare","Near Mint Holofoil","0.54","0.99","1.3900","0.0800","0","0","0.1500",""
"8973131","Pokemon","ME02: Phantasmal Flames","Eternatus","","069/094","Uncommon","Near Mint","0.09","0.05","1.3200","0.0100","12","0","0.1500",""
"9016576","Pokemon","ME02: Phantasmal Flames","Eternatus","","069/094","Uncommon","Near Mint Reverse Holofoil","0.19","0.20","1.3200","0.0100","1","0","0.1500",""
"8996069","Pokemon","ME02: Phantasmal Flames","Firebreather - 089/094","","089/094","Uncommon","Near Mint","0.11","0.06","1.3200","0.0100","16","0","0.1500",""
"8996074","Pokemon","ME02: Phantasmal Flames","Firebreather - 089/094","","089/094","Uncommon","Near Mint Reverse Holofoil","0.17","0.11","1.3200","0.0100","0","0","0.1500",""
"8996084","Pokemon","ME02: Phantasmal Flames","Flygon - 053/094","","053/094","Rare","Near Mint Holofoil","0.10","0.05","1.3200","0.0100","12","0","0.1500",""
"8996089","Pokemon","ME02: Phantasmal Flames","Flygon - 053/094","","053/094","Rare","Near Mint Reverse Holofoil","0.22","0.21","1.3300","0.0200","0","0","0.1500",""
"8973857","Pokemon","ME02: Phantasmal Flames","Gastly","","054/094","Common","Near Mint","0.14","0.07","1.3200","0.0100","20","0","0.1500",""
"9016581","Pokemon","ME02: Phantasmal Flames","Gastly","","054/094","Common","Near Mint Reverse Holofoil","0.20","0.20","1.3200","0.0100","0","0","0.1500",""
"8996099","Pokemon","ME02: Phantasmal Flames","Genesect","","008/094","Rare","Near Mint Holofoil","0.16","0.10","1.3200","0.0100","10","0","0.1500",""
"8996104","Pokemon","ME02: Phantasmal Flames","Genesect","","008/094","Rare","Near Mint Reverse Holofoil","0.16","0.10","1.3200","0.0100","0","0","0.1500",""
"8996109","Pokemon","ME02: Phantasmal Flames","Gligar","","049/094","Common","Near Mint","0.06","0.03","1.3200","0.0100","18","0","0.1500",""
"8996114","Pokemon","ME02: Phantasmal Flames","Gligar","","049/094","Common","Near Mint Reverse Holofoil","0.16","0.11","1.3200","0.0100","1","0","0.1500",""
"8996119","Pokemon","ME02: Phantasmal Flames","Gliscor","","050/094","Uncommon","Near Mint","0.05","0.02","1.3200","0.0100","19","0","0.1500",""
"8996129","Pokemon","ME02: Phantasmal Flames","Gloom","","002/094","Common","Near Mint","0.10","0.03","1.3200","0.0100","10","0","0.1500",""
"8996134","Pokemon","ME02: Phantasmal Flames","Gloom","","002/094","Common","Near Mint Reverse Holofoil","0.13","0.10","1.3400","0.0300","2","0","0.1500",""
"8996139","Pokemon","ME02: Phantasmal Flames","Granbull","","038/094","Uncommon","Near Mint","0.08","0.03","1.3200","0.0100","11","0","0.1500",""
"8996144","Pokemon","ME02: Phantasmal Flames","Granbull","","038/094","Uncommon","Near Mint Reverse Holofoil","0.14","0.10","1.3200","0.0100","5","0","0.1500",""
"8973202","Pokemon","ME02: Phantasmal Flames","Grimsley's Move","","090/094","Uncommon","Near Mint","0.10","0.04","1.3200","0.0100","10","0","0.1500",""
"8973207","Pokemon","ME02: Phantasmal Flames","Grimsley's Move","","090/094","Uncommon","Near Mint Reverse Holofoil","0.17","0.12","1.3200","0.0100","5","0","0.1500",""
"8973137","Pokemon","ME02: Phantasmal Flames","Haunter - 055/094","","055/094","Uncommon","Near Mint","0.18","0.04","1.3200","0.0100","13","0","0.1500",""
"9016586","Pokemon","ME02: Phantasmal Flames","Haunter - 055/094","","055/094","Uncommon","Near Mint Reverse Holofoil","0.19","0.20","1.3200","0.0100","0","0","0.1500",""
"8996174","Pokemon","ME02: Phantasmal Flames","Honchkrow","","058/094","Uncommon","Near Mint","0.06","0.03","1.3200","0.0100","14","0","0.1500",""
"8996179","Pokemon","ME02: Phantasmal Flames","Honchkrow","","058/094","Uncommon","Near Mint Reverse Holofoil","0.16","0.13","1.3200","0.0100","2","0","0.1500",""
"8996189","Pokemon","ME02: Phantasmal Flames","Jigglypuff","","076/094","Common","Near Mint","0.10","0.05","1.3200","0.0100","12","0","0.1500",""
"8996194","Pokemon","ME02: Phantasmal Flames","Jigglypuff","","076/094","Common","Near Mint Reverse Holofoil","0.18","0.20","1.3200","0.0100","1","0","0.1500",""
"8996199","Pokemon","ME02: Phantasmal Flames","Jumbo Ice Cream","","091/094","Uncommon","Near Mint","0.12","0.08","1.3200","0.0100","0","0","0.1500",""
"8996204","Pokemon","ME02: Phantasmal Flames","Jumbo Ice Cream","","091/094","Uncommon","Near Mint Reverse Holofoil","0.19","0.20","1.3200","0.0100","0","0","0.1500",""
"8996209","Pokemon","ME02: Phantasmal Flames","Krokorok","","065/094","Common","Near Mint","0.09","0.03","1.3200","0.0100","7","0","0.1500",""
"8996214","Pokemon","ME02: Phantasmal Flames","Krokorok","","065/094","Common","Near Mint Reverse Holofoil","0.20","0.09","1.3200","0.0100","2","0","0.1500",""
"8996219","Pokemon","ME02: Phantasmal Flames","Krookodile","","066/094","Uncommon","Near Mint","0.06","0.02","1.3200","0.0100","14","0","0.1500",""
"8996224","Pokemon","ME02: Phantasmal Flames","Krookodile","","066/094","Uncommon","Near Mint Reverse Holofoil","0.17","0.13","1.3200","0.0100","1","0","0.1500",""
"8996229","Pokemon","ME02: Phantasmal Flames","Linoone","","082/094","Uncommon","Near Mint","0.06","0.03","1.3200","0.0100","11","0","0.1500",""
"8996234","Pokemon","ME02: Phantasmal Flames","Linoone","","082/094","Uncommon","Near Mint Reverse Holofoil","0.17","0.17","1.3200","0.0100","3","0","0.1500",""
"8996239","Pokemon","ME02: Phantasmal Flames","Lokix","","010/094","Uncommon","Near Mint","0.10","0.01","1.3200","0.0100","20","0","0.1500",""
"8996244","Pokemon","ME02: Phantasmal Flames","Lokix","","010/094","Uncommon","Near Mint Reverse Holofoil","0.13","0.01","1.3200","0.0100","3","0","0.1500",""
"8996249","Pokemon","ME02: Phantasmal Flames","Lombre","","006/094","Common","Near Mint","0.05","0.02","1.3200","0.0100","13","0","0.1500",""
"8996254","Pokemon","ME02: Phantasmal Flames","Lombre","","006/094","Common","Near Mint Reverse Holofoil","0.17","0.10","1.3200","0.0100","6","0","0.1500",""
"8996259","Pokemon","ME02: Phantasmal Flames","Lotad","","005/094","Common","Near Mint","0.07","0.04","1.3200","0.0100","13","0","0.1500",""
"8996264","Pokemon","ME02: Phantasmal Flames","Lotad","","005/094","Common","Near Mint Reverse Holofoil","0.21","0.18","1.3200","0.0100","1","0","0.1500",""
"8996269","Pokemon","ME02: Phantasmal Flames","Ludicolo - 007/094","","007/094","Uncommon","Near Mint","0.07","0.01","1.3200","0.0100","17","0","0.1500",""
"8996274","Pokemon","ME02: Phantasmal Flames","Ludicolo - 007/094","","007/094","Uncommon","Near Mint Reverse Holofoil","0.13","0.01","1.3200","0.0100","4","0","0.1500",""
"8996279","Pokemon","ME02: Phantasmal Flames","Ludicolo - 095/094","","095/094","Illustration Rare","Near Mint Holofoil","2.33","","2.3100","1.0000","0","0","1.4500",""
"8996284","Pokemon","ME02: Phantasmal Flames","Mamoswine","","025/094","Uncommon","Near Mint","0.09","0.03","1.3200","0.0100","15","0","0.1500",""
"8996289","Pokemon","ME02: Phantasmal Flames","Mamoswine","","025/094","Uncommon","Near Mint Reverse Holofoil","0.17","0.10","1.3200","0.0100","0","0","0.1500",""
"8996294","Pokemon","ME02: Phantasmal Flames","Mega Charizard X ex - 013/094","","013/094","Double Rare","Near Mint Holofoil","4.20","","4.7100","3.4000","0","0","0.1500",""
"8972996","Pokemon","ME02: Phantasmal Flames","Mega Diancie ex","","041/094","Double Rare","Near Mint Holofoil","0.49","","1.4500","0.1400","0","0","0.1500",""
"8973001","Pokemon","ME02: Phantasmal Flames","Mega Gengar ex","","056/094","Double Rare","Near Mint Holofoil","2.04","","2.5100","1.2000","0","0","0.1500",""
"8996314","Pokemon","ME02: Phantasmal Flames","Mega Heracross ex - 004/094","","004/094","Double Rare","Near Mint Holofoil","0.53","0.62","1.4100","0.1000","0","0","0.1500",""
"8996324","Pokemon","ME02: Phantasmal Flames","Mega Lopunny ex - 084/094","","084/094","Double Rare","Near Mint Holofoil","0.64","","1.5200","0.2100","0","0","0.1500",""
"8996334","Pokemon","ME02: Phantasmal Flames","Mega Lopunny ex - 128/094","","128/094","Special Illustration Rare","Near Mint Holofoil","22.10","","22.7500","22.7500","0","0","22.6500",""
"8996339","Pokemon","ME02: Phantasmal Flames","Mega Sharpedo ex - 061/094","","061/094","Double Rare","Near Mint Holofoil","0.54","","1.5400","0.2300","0","0","0.1500",""
"8996344","Pokemon","ME02: Phantasmal Flames","Mega Sharpedo ex - 113/094","","113/094","Ultra Rare","Near Mint Holofoil","3.06","","3.6100","2.3000","0","0","2.6700",""
"8996349","Pokemon","ME02: Phantasmal Flames","Mega Sharpedo ex - 127/094","","127/094","Special Illustration Rare","Near Mint Holofoil","29.70","","28.8100","27.5000","0","0","28.5500",""
"8996354","Pokemon","ME02: Phantasmal Flames","Meloetta","","040/094","Uncommon","Near Mint","0.05","0.03","1.3200","0.0100","14","0","0.1500",""
"8996364","Pokemon","ME02: Phantasmal Flames","Meowth","","106/094","Illustration Rare","Near Mint Holofoil","14.50","","14.4900","13.5000","0","0","12.4900",""
"8996369","Pokemon","ME02: Phantasmal Flames","Milcery","","043/094","Common","Near Mint","0.11","0.02","1.3200","0.0100","12","0","0.1500",""
"8996374","Pokemon","ME02: Phantasmal Flames","Milcery","","043/094","Common","Near Mint Reverse Holofoil","0.14","0.09","1.3200","0.0100","4","0","0.1500",""
"8996379","Pokemon","ME02: Phantasmal Flames","Mimikyu","","042/094","Common","Near Mint","0.20","0.08","1.3200","0.0100","10","0","0.1500",""
"8996389","Pokemon","ME02: Phantasmal Flames","Misdreavus","","035/094","Common","Near Mint","0.14","0.03","1.3200","0.0100","12","0","0.1500",""
"8996394","Pokemon","ME02: Phantasmal Flames","Misdreavus","","035/094","Common","Near Mint Reverse Holofoil","0.26","0.22","1.3400","0.0300","3","0","0.1500",""
"8996399","Pokemon","ME02: Phantasmal Flames","Mismagius ex - 036/094","","036/094","Double Rare","Near Mint Holofoil","0.45","0.66","1.4100","0.1000","0","0","0.1500",""
"9020957","Pokemon","ME02: Phantasmal Flames","Moltres","","014/094","Holo Rare","Near Mint Holofoil","0.16","0.13","1.3200","0.0100","8","0","0.1500",""
"8996414","Pokemon","ME02: Phantasmal Flames","Moltres","","014/094","Holo Rare","Near Mint Reverse Holofoil","0.24","0.20","1.3200","0.0100","0","0","0.1500",""
"8996419","Pokemon","ME02: Phantasmal Flames","Murkrow","","057/094","Common","Near Mint","0.08","0.03","1.3200","0.0100","16","0","0.1500",""
"8996424","Pokemon","ME02: Phantasmal Flames","Murkrow","","057/094","Common","Near Mint Reverse Holofoil","0.18","0.15","1.3200","0.0100","0","0","0.1500",""
"8996429","Pokemon","ME02: Phantasmal Flames","Nymble - 009/094","","009/094","Common","Near Mint","0.07","0.04","1.3200","0.0100","14","0","0.1500",""
"8996434","Pokemon","ME02: Phantasmal Flames","Nymble - 009/094","","009/094","Common","Near Mint Reverse Holofoil","0.16","0.12","1.3200","0.0100","1","0","0.1500",""
"8996444","Pokemon","ME02: Phantasmal Flames","Oddish","","001/094","Common","Near Mint","0.10","0.04","1.3200","0.0100","13","0","0.1500",""
"8996449","Pokemon","ME02: Phantasmal Flames","Oddish","","001/094","Common","Near Mint Reverse Holofoil","0.21","0.13","1.3200","0.0100","6","0","0.1500",""
"8996454","Pokemon","ME02: Phantasmal Flames","Oricorio ex - 018/094","","018/094","Double Rare","Near Mint Holofoil","0.42","0.69","1.4100","0.1000","0","0","0.1500",""
"8996464","Pokemon","ME02: Phantasmal Flames","Paldean Tauros","","048/094","Uncommon","Near Mint","0.08","0.02","1.3200","0.0100","19","0","0.1500",""
"8996469","Pokemon","ME02: Phantasmal Flames","Paldean Tauros","","048/094","Uncommon","Near Mint Reverse Holofoil","0.21","0.11","1.3200","0.0100","3","0","0.1500",""
"8996479","Pokemon","ME02: Phantasmal Flames","Pawmi","","032/094","Common","Near Mint","0.07","0.03","1.3200","0.0100","17","0","0.1500",""
"8996484","Pokemon","ME02: Phantasmal Flames","Pawmi","","032/094","Common","Near Mint Reverse Holofoil","0.17","0.10","1.3200","0.0100","0","0","0.1500",""
"8996489","Pokemon","ME02: Phantasmal Flames","Pawmo","","033/094","Common","Near Mint","0.02","0.02","1.3200","0.0100","15","0","0.1500",""
"8996494","Pokemon","ME02: Phantasmal Flames","Pawmo","","033/094","Common","Near Mint Reverse Holofoil","0.19","0.15","1.3200","0.0100","1","0","0.1500",""
"8996499","Pokemon","ME02: Phantasmal Flames","Pawmot","","034/094","Rare","Near Mint Holofoil","0.08","0.04","1.3200","0.0100","7","0","0.1500",""
"8996509","Pokemon","ME02: Phantasmal Flames","Piloswine","","024/094","Common","Near Mint","0.11","0.03","1.3200","0.0100","14","0","0.1500",""
"8996514","Pokemon","ME02: Phantasmal Flames","Piloswine","","024/094","Common","Near Mint Reverse Holofoil","0.16","0.12","1.3200","0.0100","1","0","0.1500",""
"8996519","Pokemon","ME02: Phantasmal Flames","Piplup - 027/094","","027/094","Common","Near Mint","0.14","0.06","1.3200","0.0100","14","0","0.1500",""
"8996524","Pokemon","ME02: Phantasmal Flames","Piplup - 027/094","","027/094","Common","Near Mint Reverse Holofoil","0.18","0.17","1.3200","0.0100","1","0","0.1500",""
"8996529","Pokemon","ME02: Phantasmal Flames","Piplup - 098/094","","098/094","Illustration Rare","Near Mint Holofoil","11.78","","10.9900","10.0000","0","0","9.4500",""
"8996534","Pokemon","ME02: Phantasmal Flames","Prinplup","","028/094","Common","Near Mint","0.11","0.04","1.3200","0.0100","18","0","0.1500",""
"8996539","Pokemon","ME02: Phantasmal Flames","Prinplup","","028/094","Common","Near Mint Reverse Holofoil","0.18","0.13","1.3200","0.0100","5","0","0.1500",""
"8973212","Pokemon","ME02: Phantasmal Flames","Punk Helmet","","092/094","Uncommon","Near Mint","0.12","0.05","1.3200","0.0100","9","0","0.1500",""
"8973217","Pokemon","ME02: Phantasmal Flames","Punk Helmet","","092/094","Uncommon","Near Mint Reverse Holofoil","0.13","0.10","1.3200","0.0100","0","0","0.1500",""
"8996559","Pokemon","ME02: Phantasmal Flames","Reshiram","","017/094","Rare","Near Mint Holofoil","0.09","0.07","1.3200","0.0100","12","0","0.1500",""
"8996564","Pokemon","ME02: Phantasmal Flames","Reshiram","","017/094","Rare","Near Mint Reverse Holofoil","0.15","0.14","1.3200","0.0100","2","0","0.1500",""
"8996569","Pokemon","ME02: Phantasmal Flames","Rotom ex - 029/094","","029/094","Double Rare","Near Mint Holofoil","0.56","0.67","1.3900","0.0800","0","0","0.1500",""
"8973162","Pokemon","ME02: Phantasmal Flames","Sableye","","059/094","Common","Near Mint","0.12","0.05","1.3200","0.0100","8","0","0.1500",""
"9016591","Pokemon","ME02: Phantasmal Flames","Sableye","","059/094","Common","Near Mint Reverse Holofoil","0.21","0.15","1.3200","0.0100","1","0","0.1500",""
"8996584","Pokemon","ME02: Phantasmal Flames","Sacred Charm - 093/094","","093/094","Uncommon","Near Mint","0.09","0.05","1.3200","0.0100","14","0","0.1500",""
"8996589","Pokemon","ME02: Phantasmal Flames","Sacred Charm - 093/094","","093/094","Uncommon","Near Mint Reverse Holofoil","0.18","0.11","1.3200","0.0100","2","0","0.1500",""
"8996599","Pokemon","ME02: Phantasmal Flames","Sandile","","064/094","Common","Near Mint","0.12","0.03","1.3200","0.0100","15","0","0.1500",""
"8996604","Pokemon","ME02: Phantasmal Flames","Sandile","","064/094","Common","Near Mint Reverse Holofoil","0.17","0.12","1.3200","0.0100","3","0","0.1500",""
"8996609","Pokemon","ME02: Phantasmal Flames","Seel","","021/094","Common","Near Mint","0.06","0.03","1.3200","0.0100","13","0","0.1500",""
"8973167","Pokemon","ME02: Phantasmal Flames","Seviper","","062/094","Uncommon","Near Mint","0.06","0.04","1.3200","0.0100","12","0","0.1500",""
"8973172","Pokemon","ME02: Phantasmal Flames","Seviper","","062/094","Uncommon","Near Mint Reverse Holofoil","0.13","0.10","1.3200","0.0100","2","0","0.1500",""
"8996619","Pokemon","ME02: Phantasmal Flames","Smeargle","","080/094","Common","Near Mint","0.08","0.02","1.3200","0.0100","15","0","0.1500",""
"8996624","Pokemon","ME02: Phantasmal Flames","Smeargle","","080/094","Common","Near Mint Reverse Holofoil","0.16","0.12","1.3200","0.0100","5","0","0.1500",""
"8996629","Pokemon","ME02: Phantasmal Flames","Snubbull","","037/094","Common","Near Mint","0.11","0.04","1.3200","0.0100","11","0","0.1500",""
"8996634","Pokemon","ME02: Phantasmal Flames","Snubbull","","037/094","Common","Near Mint Reverse Holofoil","0.27","0.20","1.3500","0.0400","4","0","0.1500",""
"8996639","Pokemon","ME02: Phantasmal Flames","Suicune","","026/094","Rare","Near Mint Holofoil","0.10","0.08","1.3200","0.0100","9","0","0.1500",""
"8996644","Pokemon","ME02: Phantasmal Flames","Suicune","","026/094","Rare","Near Mint Reverse Holofoil","0.15","0.18","1.3200","0.0100","2","0","0.1500",""
"8996649","Pokemon","ME02: Phantasmal Flames","Swinub","","023/094","Common","Near Mint","0.08","0.03","1.3200","0.0100","15","0","0.1500",""
"8996654","Pokemon","ME02: Phantasmal Flames","Swinub","","023/094","Common","Near Mint Reverse Holofoil","0.17","0.10","1.3200","0.0100","1","0","0.1500",""
"8996664","Pokemon","ME02: Phantasmal Flames","Togedemaru - 073/094","","073/094","Common","Near Mint","0.05","0.01","1.3200","0.0100","14","0","0.1500",""
"8996669","Pokemon","ME02: Phantasmal Flames","Togedemaru - 073/094","","073/094","Common","Near Mint Reverse Holofoil","0.17","0.13","1.3200","0.0100","4","0","0.1500",""
"8973157","Pokemon","ME02: Phantasmal Flames","Toxel","","067/094","Common","Near Mint","0.08","0.07","1.3200","0.0100","10","0","0.1500",""
"9016596","Pokemon","ME02: Phantasmal Flames","Toxel","","067/094","Common","Near Mint Reverse Holofoil","0.18","0.13","1.3500","0.0400","0","0","0.1500",""
"9020967","Pokemon","ME02: Phantasmal Flames","Toxtricity","","068/094","Rare","Near Mint Holofoil","0.08","","1.3200","0.0100","0","0","0.1500",""
"8973147","Pokemon","ME02: Phantasmal Flames","Toxtricity","","068/094","Rare","Near Mint Reverse Holofoil","0.12","","1.3600","0.0500","0","0","0.1500",""
"8996694","Pokemon","ME02: Phantasmal Flames","Trapinch","","051/094","Common","Near Mint","0.06","0.02","1.3200","0.0100","15","0","0.1500",""
"8996699","Pokemon","ME02: Phantasmal Flames","Trapinch","","051/094","Common","Near Mint Reverse Holofoil","0.14","0.10","1.3200","0.0100","2","0","0.1500",""
"8996704","Pokemon","ME02: Phantasmal Flames","Vibrava","","052/094","Common","Near Mint","0.04","0.01","1.3200","0.0100","14","0","0.1500",""
"8996709","Pokemon","ME02: Phantasmal Flames","Vibrava","","052/094","Common","Near Mint Reverse Holofoil","0.21","0.21","1.3200","0.0100","0","0","0.1500",""
"9020695","Pokemon","ME02: Phantasmal Flames","Vileplume","","003/094","Rare","Near Mint Holofoil","0.12","","1.3200","0.0100","9","0","0.1500",""
"8996719","Pokemon","ME02: Phantasmal Flames","Vileplume","","003/094","Rare","Near Mint Reverse Holofoil","0.16","0.14","1.3200","0.0100","3","0","0.1500",""
"8996724","Pokemon","ME02: Phantasmal Flames","Wigglytuff - 077/094","","077/094","Uncommon","Near Mint","0.11","0.04","1.3200","0.0100","17","0","0.1500",""
"8996729","Pokemon","ME02: Phantasmal Flames","Wigglytuff - 077/094","","077/094","Uncommon","Near Mint Reverse Holofoil","0.17","0.10","1.3200","0.0100","3","0","0.1500",""
"8996739","Pokemon","ME02: Phantasmal Flames","Wondrous Patch","","094/094","Uncommon","Near Mint","0.10","0.09","1.3200","0.0100","6","0","0.1500",""
"8996744","Pokemon","ME02: Phantasmal Flames","Wondrous Patch","","094/094","Uncommon","Near Mint Reverse Holofoil","0.17","0.13","1.3200","0.0100","0","0","0.1500",""
"8996749","Pokemon","ME02: Phantasmal Flames","Yamper - 030/094","","030/094","Common","Near Mint","0.17","0.04","1.3200","0.0100","13","0","0.1500",""
"8996754","Pokemon","ME02: Phantasmal Flames","Yamper - 030/094","","030/094","Common","Near Mint Reverse Holofoil","0.15","0.12","1.3200","0.0100","0","0","0.1500",""
"8996759","Pokemon","ME02: Phantasmal Flames","Yamper - 099/094","","099/094","Illustration Rare","Near Mint Holofoil","2.15","","2.3100","1.0000","0","0","1.5400",""
"8996764","Pokemon","ME02: Phantasmal Flames","Zacian - 045/094","","045/094","Rare","Near Mint Holofoil","0.08","0.07","1.3200","0.0100","9","0","0.1500",""
"8996769","Pokemon","ME02: Phantasmal Flames","Zacian - 045/094","","045/094","Rare","Near Mint Reverse Holofoil","0.18","0.19","1.3300","0.0200","2","0","0.1500",""
"8996774","Pokemon","ME02: Phantasmal Flames","Zacian - 100/094","","100/094","Illustration Rare","Near Mint Holofoil","3.18","","3.5100","2.2000","0","0","1.9500",""
"8996779","Pokemon","ME02: Phantasmal Flames","Zigzagoon","","081/094","Common","Near Mint","0.09","0.02","1.3200","0.0100","9","0","0.1500",""
"8996784","Pokemon","ME02: Phantasmal Flames","Zigzagoon","","081/094","Common","Near Mint Reverse Holofoil","0.09","0.08","1.3200","0.0100","2","0","0.1500",""
"9022760","Pokemon","Miscellaneous Cards & Products","Black Kyurem ex (Surging Sparks Stamped)","","048/191","Double Rare","Near Mint Holofoil","0.64","","1.7100","0.4000","0","0","0.4500",""
"9063222","Pokemon","Miscellaneous Cards & Products","Kyogre (Cosmos Holo)","","034/132","Rare","Near Mint Holofoil","1.02","","1.5600","0.2500","0","0","0.7000",""
"9022780","Pokemon","Miscellaneous Cards & Products","Melmetal ex (Stellar Crown Stamped)","","105/142","Double Rare","Near Mint Holofoil","0.54","","1.6600","0.3500","0","0","0.2400",""
"9022775","Pokemon","Miscellaneous Cards & Products","Meltan (Stellar Crown Stamped)","","102/142","Common","Near Mint Holofoil","0.44","","1.4600","0.1500","0","0","0.1700",""
"9053802","Pokemon","Miscellaneous Cards & Products","Reshiram ex (White Flare Stamped)","","020/086","Double Rare","Near Mint Holofoil","0.70","","1.7900","0.4800","0","0","0.3000",""
"9063227","Pokemon","Miscellaneous Cards & Products","Suicune (Cosmos Holo)","","026/094","Rare","Near Mint Holofoil","1.69","","2.3000","0.9900","0","0","1.2900",""
"9053797","Pokemon","Miscellaneous Cards & Products","Zekrom ex (Black Bolt Stamped)","","034/086","Double Rare","Near Mint Holofoil","0.65","","1.6600","0.3500","0","0","0.3900",""
"9022755","Pokemon","Miscellaneous Cards & Products","Zekrom (Paradox Rift Stamped)","","066/182","Rare","Near Mint Holofoil","0.68","","1.6100","0.3000","0","0","0.3000",""
"9053807","Pokemon","Miscellaneous Cards & Products","Zoroark (White Flare Stamped)","","062/086","Rare","Near Mint Holofoil","0.37","","1.4800","0.1700","0","0","0.1800",""
"8815752","Pokemon","SV: Black Bolt","Air Balloon","","079/086","Uncommon","Near Mint","0.38","","1.3600","0.0500","0","0","0.1500",""
"8815242","Pokemon","SV: Black Bolt","Alomomola","","024/086","Uncommon","Near Mint","0.05","0.02","1.3200","0.0100","6","0","0.1500",""
"8815082","Pokemon","SV: Black Bolt","Amoonguss","","011/086","Uncommon","Near Mint","0.05","0.03","1.3200","0.0100","1","0","0.1500",""
"8815732","Pokemon","SV: Black Bolt","Antique Cover Fossil","","080/086","Common","Near Mint","0.04","0.01","1.3200","0.0100","8","0","0.1500",""
"8815692","Pokemon","SV: Black Bolt","Audino - 074/086","","074/086","Common","Near Mint","0.08","0.02","1.3200","0.0100","5","0","0.1500",""
"8815637","Pokemon","SV: Black Bolt","Axew","","068/086","Common","Near Mint","0.05","0.01","1.3200","0.0100","4","0","0.1500",""
"8815262","Pokemon","SV: Black Bolt","Beartic","","026/086","Rare","Near Mint Holofoil","0.11","0.03","1.3200","0.0100","2","0","0.1500",""
"8815397","Pokemon","SV: Black Bolt","Beheeyem","","041/086","Uncommon","Near Mint","0.05","0.02","1.3200","0.0100","7","0","0.1500",""
"8850677","Pokemon","SV: Black Bolt","Bisharp","","065/086","Uncommon","Near Mint","0.03","0.01","1.3200","0.0100","6","0","0.1500",""
"8813147","Pokemon","SV: Black Bolt","Braviary","","078/086","Uncommon","Near Mint","0.05","0.02","1.3200","0.0100","3","0","0.1500",""
"8815232","Pokemon","SV: Black Bolt","Carracosta","","023/086","Rare","Near Mint Holofoil","0.10","0.03","1.3200","0.0100","2","0","0.1500",""
"8847240","Pokemon","SV: Black Bolt","Cinccino","","076/086","Uncommon","Near Mint","0.06","0.03","1.3200","0.0100","3","0","0.1500",""
"8815717","Pokemon","SV: Black Bolt","Cinccino","","076/086","Uncommon","Near Mint Reverse Holofoil","0.18","0.11","1.3800","0.0700","0","0","0.1500",""
"8816977","Pokemon","SV: Black Bolt","Cinccino (Poke Ball Pattern)","","076/086","Uncommon","Near Mint Holofoil","0.57","0.50","1.7000","0.3900","0","0","0.3900",""
"8815622","Pokemon","SV: Black Bolt","Cobalion","","066/086","Rare","Near Mint Holofoil","0.10","0.03","1.3200","0.0100","0","0","0.1500",""
"8815627","Pokemon","SV: Black Bolt","Cobalion","","066/086","Rare","Near Mint Reverse Holofoil","0.19","0.10","1.3200","0.0100","0","0","0.1500",""
"8815467","Pokemon","SV: Black Bolt","Conkeldurr","","049/086","Rare","Near Mint Holofoil","0.11","0.03","1.3200","0.0100","5","0","0.1500",""
"8815497","Pokemon","SV: Black Bolt","Crustle","","052/086","Uncommon","Near Mint","0.07","0.03","1.3200","0.0100","3","0","0.1500",""
"8815272","Pokemon","SV: Black Bolt","Cryogonal","","027/086","Uncommon","Near Mint","0.05","0.01","1.3200","0.0100","6","0","0.1500",""
"8815252","Pokemon","SV: Black Bolt","Cubchoo","","025/086","Common","Near Mint","0.05","0.01","1.3200","0.0100","4","0","0.1500",""
"8815112","Pokemon","SV: Black Bolt","Darmanitan","","014/086","Uncommon","Near Mint","0.03","0.01","1.3200","0.0100","1","0","0.1500",""
"8815117","Pokemon","SV: Black Bolt","Darmanitan","","014/086","Uncommon","Near Mint Reverse Holofoil","0.24","0.12","1.4100","0.1000","0","0","0.1500",""
"8815102","Pokemon","SV: Black Bolt","Darumaka","","013/086","Common","Near Mint","0.04","0.02","1.3200","0.0100","7","0","0.1500",""
"8815107","Pokemon","SV: Black Bolt","Darumaka","","013/086","Common","Near Mint Reverse Holofoil","0.09","0.04","1.3300","0.0200","0","0","0.1500",""
"8850231","Pokemon","SV: Black Bolt","Drilbur","","045/086","Common","Near Mint","0.05","0.02","1.3200","0.0100","10","0","0.1500",""
"8815437","Pokemon","SV: Black Bolt","Drilbur","","045/086","Common","Near Mint Reverse Holofoil","0.11","0.04","1.3200","0.0100","4","0","0.1500",""
"8815372","Pokemon","SV: Black Bolt","Duosion","","038/086","Common","Near Mint","0.07","0.03","1.3200","0.0100","6","0","0.1500",""
"8815377","Pokemon","SV: Black Bolt","Duosion","","038/086","Common","Near Mint Reverse Holofoil","0.12","0.06","1.3500","0.0400","1","0","0.1500",""
"8815487","Pokemon","SV: Black Bolt","Dwebble","","051/086","Common","Near Mint","0.08","0.01","1.3200","0.0100","4","0","0.1500",""
"8815307","Pokemon","SV: Black Bolt","Eelektrik","","031/086","Uncommon","Near Mint","0.19","0.09","1.3200","0.0100","0","0","0.1500",""
"8815312","Pokemon","SV: Black Bolt","Eelektrik","","031/086","Uncommon","Near Mint Reverse Holofoil","0.23","0.21","1.4100","0.1000","0","0","0.1500",""
"8815317","Pokemon","SV: Black Bolt","Eelektross","","032/086","Uncommon","Near Mint","0.05","0.02","1.3200","0.0100","6","0","0.1500",""
"8815387","Pokemon","SV: Black Bolt","Elgyem","","040/086","Common","Near Mint","0.07","0.03","1.3200","0.0100","5","0","0.1500",""
"8815392","Pokemon","SV: Black Bolt","Elgyem","","040/086","Common","Near Mint Reverse Holofoil","0.07","0.05","1.3200","0.0100","0","0","0.1500",""
"8815287","Pokemon","SV: Black Bolt","Emolga","","029/086","Common","Near Mint","0.10","0.03","1.3200","0.0100","3","0","0.1500",""
"8815722","Pokemon","SV: Black Bolt","Energy Coin","","081/086","Uncommon","Near Mint","0.06","0.04","1.3200","0.0100","4","0","0.1500",""
"8815592","Pokemon","SV: Black Bolt","Escavalier","","060/086","Common","Near Mint","0.04","0.02","1.3200","0.0100","2","0","0.1500",""
"8815597","Pokemon","SV: Black Bolt","Escavalier","","060/086","Common","Near Mint Reverse Holofoil","0.16","0.09","1.3700","0.0600","0","0","0.1500",""
"8815442","Pokemon","SV: Black Bolt","Excadrill ex","","046/086","Double Rare","Near Mint Holofoil","0.48","0.25","1.4800","0.1700","0","0","0.1900",""
"8815782","Pokemon","SV: Black Bolt","Fennel","","082/086","Uncommon","Near Mint","0.07","0.04","1.3200","0.0100","4","0","0.1500",""
"8815787","Pokemon","SV: Black Bolt","Fennel","","082/086","Uncommon","Near Mint Reverse Holofoil","0.17","0.10","1.3300","0.0200","0","0","0.1500",""
"8815072","Pokemon","SV: Black Bolt","Foongus","","010/086","Common","Near Mint","0.05","0.02","1.3200","0.0100","7","0","0.1500",""
"8815077","Pokemon","SV: Black Bolt","Foongus","","010/086","Common","Near Mint Reverse Holofoil","0.13","0.05","1.3500","0.0400","1","0","0.1500",""
"8815647","Pokemon","SV: Black Bolt","Fraxure","","069/086","Common","Near Mint","0.04","0.01","1.3200","0.0100","4","0","0.1500",""
"8815652","Pokemon","SV: Black Bolt","Fraxure","","069/086","Common","Near Mint Reverse Holofoil","0.14","0.05","1.3500","0.0400","1","0","0.1500",""
"8815407","Pokemon","SV: Black Bolt","Golett","","042/086","Common","Near Mint","0.04","0.02","1.3200","0.0100","7","0","0.1500",""
"8815417","Pokemon","SV: Black Bolt","Golurk","","043/086","Uncommon","Near Mint","0.04","0.02","1.3200","0.0100","4","0","0.1500",""
"8850682","Pokemon","SV: Black Bolt","Gurdurr","","048/086","Common","Near Mint","0.04","0.02","1.3200","0.0100","4","0","0.1500",""
"8815657","Pokemon","SV: Black Bolt","Haxorus","","070/086","Rare","Near Mint Holofoil","0.12","0.04","1.3300","0.0200","4","0","0.1500",""
"8815062","Pokemon","SV: Black Bolt","Karrablast","","009/086","Common","Near Mint","0.04","0.01","1.3200","0.0100","5","0","0.1500",""
"8815067","Pokemon","SV: Black Bolt","Karrablast","","009/086","Common","Near Mint Reverse Holofoil","0.12","0.04","1.3200","0.0100","1","0","0.1500",""
"8813042","Pokemon","SV: Black Bolt","Klang","","062/086","Common","Near Mint","0.04","0.02","1.3200","0.0100","3","0","0.1500",""
"8813047","Pokemon","SV: Black Bolt","Klang","","062/086","Common","Near Mint Reverse Holofoil","0.12","0.02","1.3200","0.0100","1","0","0.1500",""
"8813032","Pokemon","SV: Black Bolt","Klink","","061/086","Common","Near Mint","0.06","0.02","1.3200","0.0100","2","0","0.1500",""
"8813037","Pokemon","SV: Black Bolt","Klink","","061/086","Common","Near Mint Reverse Holofoil","0.10","0.05","1.3600","0.0500","0","0","0.1500",""
"8813542","Pokemon","SV: Black Bolt","Klink - 139/086","","139/086","Illustration Rare","Near Mint Holofoil","4.71","4.67","5.2500","5.2500","0","0","4.0000",""
"8813052","Pokemon","SV: Black Bolt","Klinklang","","063/086","Rare","Near Mint Holofoil","0.07","0.03","1.3200","0.0100","4","0","0.1500",""
"8814352","Pokemon","SV: Black Bolt","Klinklang (Poke Ball Pattern)","","063/086","Rare","Near Mint Holofoil","0.45","0.48","1.5300","0.2200","0","0","0.2200",""
"8815557","Pokemon","SV: Black Bolt","Krokorok","","058/086","Common","Near Mint","0.05","0.02","1.3200","0.0100","3","0","0.1500",""
"8850667","Pokemon","SV: Black Bolt","Krookodile","","059/086","Uncommon","Near Mint","0.05","0.02","1.3200","0.0100","10","0","0.1500",""
"8815507","Pokemon","SV: Black Bolt","Landorus","","053/086","Rare","Near Mint Holofoil","0.07","0.04","1.3200","0.0100","5","0","0.1500",""
"8815152","Pokemon","SV: Black Bolt","Larvesta","","015/086","Common","Near Mint","0.05","0.01","1.3200","0.0100","5","0","0.1500",""
"8815157","Pokemon","SV: Black Bolt","Larvesta","","015/086","Common","Near Mint Reverse Holofoil","0.12","0.05","1.3600","0.0500","0","0","0.1500",""
"8815042","Pokemon","SV: Black Bolt","Lilligant","","007/086","Uncommon","Near Mint","0.07","0.02","1.3200","0.0100","7","0","0.1500",""
"8815052","Pokemon","SV: Black Bolt","Maractus","","008/086","Common","Near Mint","0.06","0.01","1.3200","0.0100","9","0","0.1500",""
"8815057","Pokemon","SV: Black Bolt","Maractus","","008/086","Common","Near Mint Reverse Holofoil","0.13","0.05","1.3600","0.0500","1","0","0.1500",""
"8815702","Pokemon","SV: Black Bolt","Minccino","","075/086","Common","Near Mint","0.05","0.01","1.3200","0.0100","9","0","0.1500",""
"8815707","Pokemon","SV: Black Bolt","Minccino","","075/086","Common","Near Mint Reverse Holofoil","0.16","0.06","1.3600","0.0500","1","0","0.1500",""
"8815342","Pokemon","SV: Black Bolt","Munna","","035/086","Common","Near Mint","0.06","0.02","1.3200","0.0100","3","0","0.1500",""
"8815352","Pokemon","SV: Black Bolt","Musharna","","036/086","Uncommon","Near Mint","0.05","0.03","1.3200","0.0100","4","0","0.1500",""
"8815762","Pokemon","SV: Black Bolt","N's Plan","","083/086","Uncommon","Near Mint","0.10","0.03","1.3200","0.0100","3","0","0.1500",""
"8815202","Pokemon","SV: Black Bolt","Palpitoad","","020/086","Common","Near Mint","0.04","0.01","1.3200","0.0100","2","0","0.1500",""
"8850687","Pokemon","SV: Black Bolt","Panpour","","017/086","Common","Near Mint","0.04","0.02","1.3200","0.0100","3","0","0.1500",""
"8815012","Pokemon","SV: Black Bolt","Pansage","","004/086","Common","Near Mint","0.05","0.02","1.3200","0.0100","3","0","0.1500",""
"8815017","Pokemon","SV: Black Bolt","Pansage","","004/086","Common","Near Mint Reverse Holofoil","0.14","0.06","1.3300","0.0200","2","0","0.1500",""
"8815602","Pokemon","SV: Black Bolt","Pawniard","","064/086","Common","Near Mint","0.05","0.01","1.3200","0.0100","5","0","0.1500",""
"8815032","Pokemon","SV: Black Bolt","Petilil","","006/086","Common","Near Mint","0.09","0.01","1.3200","0.0100","4","0","0.1500",""
"8815037","Pokemon","SV: Black Bolt","Petilil","","006/086","Common","Near Mint Reverse Holofoil","0.09","0.05","1.3200","0.0100","0","0","0.1500",""
"8815667","Pokemon","SV: Black Bolt","Pidove","","071/086","Common","Near Mint","0.05","0.02","1.3200","0.0100","7","0","0.1500",""
"8815742","Pokemon","SV: Black Bolt","Pokegear 3.0","","084/086","Uncommon","Near Mint","0.23","","1.3200","0.0100","0","0","0.1500",""
"8815792","Pokemon","SV: Black Bolt","Prism Energy","","086/086","Uncommon","Near Mint","0.22","0.10","1.3200","0.0100","1","0","0.1500",""
"8815797","Pokemon","SV: Black Bolt","Prism Energy","","086/086","Uncommon","Near Mint Reverse Holofoil","0.25","","1.3700","0.0600","0","0","0.1500",""
"8815772","Pokemon","SV: Black Bolt","Professor's Research","","085/086","Uncommon","Near Mint","0.07","0.04","1.3200","0.0100","9","0","0.1500",""
"8815777","Pokemon","SV: Black Bolt","Professor's Research","","085/086","Uncommon","Near Mint Reverse Holofoil","0.16","0.06","1.3200","0.0100","2","0","0.1500",""
"8847300","Pokemon","SV: Black Bolt","Reuniclus","","039/086","Uncommon","Near Mint","0.05","0.02","1.3200","0.0100","5","0","0.1500",""
"8813137","Pokemon","SV: Black Bolt","Rufflet","","077/086","Common","Near Mint","0.08","0.02","1.3200","0.0100","1","0","0.1500",""
"8813142","Pokemon","SV: Black Bolt","Rufflet","","077/086","Common","Near Mint Reverse Holofoil","0.10","0.05","1.3400","0.0300","2","0","0.1500",""
"8815547","Pokemon","SV: Black Bolt","Sandile","","057/086","Common","Near Mint","0.04","0.02","1.3200","0.0100","6","0","0.1500",""
"8847245","Pokemon","SV: Black Bolt","Scolipede","","056/086","Uncommon","Near Mint","0.05","0.02","1.3200","0.0100","1","0","0.1500",""
"8815542","Pokemon","SV: Black Bolt","Scolipede","","056/086","Uncommon","Near Mint Reverse Holofoil","0.20","0.10","1.4200","0.1100","0","0","0.1500",""
"8815212","Pokemon","SV: Black Bolt","Seismitoad","","021/086","Uncommon","Near Mint","0.05","0.03","1.3200","0.0100","2","0","0.1500",""
"8815217","Pokemon","SV: Black Bolt","Seismitoad","","021/086","Uncommon","Near Mint Reverse Holofoil","0.18","0.10","1.4100","0.1000","0","0","0.1500",""
"8814997","Pokemon","SV: Black Bolt","Servine","","002/086","Common","Near Mint","0.06","0.02","1.3200","0.0100","2","0","0.1500",""
"8815002","Pokemon","SV: Black Bolt","Servine","","002/086","Common","Near Mint Reverse Holofoil","0.11","0.04","1.3200","0.0100","0","0","0.1500",""
"8815182","Pokemon","SV: Black Bolt","Simipour","","018/086","Uncommon","Near Mint","0.05","0.02","1.3200","0.0100","4","0","0.1500",""
"8815022","Pokemon","SV: Black Bolt","Simisage","","005/086","Uncommon","Near Mint","0.04","0.02","1.3200","0.0100","7","0","0.1500",""
"8814987","Pokemon","SV: Black Bolt","Snivy","","001/086","Common","Near Mint","0.14","0.03","1.3200","0.0100","7","0","0.1500",""
"8850672","Pokemon","SV: Black Bolt","Solosis","","037/086","Common","Near Mint","0.04","0.02","1.3200","0.0100","6","0","0.1500",""
"8816802","Pokemon","SV: Black Bolt","Solosis (Poke Ball Pattern)","","037/086","Common","Near Mint Holofoil","0.25","0.25","1.4100","0.1000","0","0","0.1500",""
"8815477","Pokemon","SV: Black Bolt","Throh","","050/086","Uncommon","Near Mint","0.04","0.02","1.3200","0.0100","5","0","0.1500",""
"8815482","Pokemon","SV: Black Bolt","Throh","","050/086","Uncommon","Near Mint Reverse Holofoil","0.17","0.10","1.4000","0.0900","0","0","0.1500",""
"8815327","Pokemon","SV: Black Bolt","Thundurus","","033/086","Rare","Near Mint Holofoil","0.09","0.05","1.3200","0.0100","8","0","0.1500",""
"8815447","Pokemon","SV: Black Bolt","Timburr","","047/086","Common","Near Mint","0.03","0.02","1.3200","0.0100","4","0","0.1500",""
"8815452","Pokemon","SV: Black Bolt","Timburr","","047/086","Common","Near Mint Reverse Holofoil","0.13","0.09","1.3500","0.0400","1","0","0.1500",""
"8815222","Pokemon","SV: Black Bolt","Tirtouga","","022/086","Uncommon","Near Mint","0.06","0.03","1.3200","0.0100","3","0","0.1500",""
"8815677","Pokemon","SV: Black Bolt","Tranquill","","072/086","Common","Near Mint","0.05","0.02","1.3200","0.0100","6","0","0.1500",""
"8815192","Pokemon","SV: Black Bolt","Tympole","","019/086","Common","Near Mint","0.05","0.02","1.3200","0.0100","8","0","0.1500",""
"8815297","Pokemon","SV: Black Bolt","Tynamo","","030/086","Common","Near Mint","0.19","0.10","1.3300","0.0200","0","0","0.1500",""
"8847250","Pokemon","SV: Black Bolt","Unfezant","","073/086","Uncommon","Near Mint","0.05","0.02","1.3200","0.0100","5","0","0.1500",""
"8815092","Pokemon","SV: Black Bolt","Victini","","012/086","Rare","Near Mint Holofoil","0.08","0.03","1.3200","0.0100","5","0","0.1500",""
"8816652","Pokemon","SV: Black Bolt","Victini (Poke Ball Pattern)","","012/086","Rare","Near Mint Holofoil","0.21","0.13","1.3300","0.0200","1","0","0.1500",""
"8815162","Pokemon","SV: Black Bolt","Volcarona","","016/086","Rare","Near Mint Holofoil","0.08","0.03","1.3500","0.0400","0","0","0.1500",""
"8815527","Pokemon","SV: Black Bolt","Whirlipede","","055/086","Common","Near Mint","0.06","0.02","1.3200","0.0100","6","0","0.1500",""
"8815532","Pokemon","SV: Black Bolt","Whirlipede","","055/086","Common","Near Mint Reverse Holofoil","0.11","0.05","1.3400","0.0300","1","0","0.1500",""
"8815337","Pokemon","SV: Black Bolt","Zekrom ex","","034/086","Double Rare","Near Mint Holofoil","0.56","0.39","1.5600","0.2500","0","0","0.2400",""
"8489223","Pokemon","SV: Prismatic Evolutions","Amarys - 093/131","","093/131","Common","Near Mint","0.07","0.03","1.3200","0.0100","6","0","0.1500",""
"8489228","Pokemon","SV: Prismatic Evolutions","Amarys - 093/131","","093/131","Common","Near Mint Reverse Holofoil","0.13","0.10","1.3300","0.0200","1","0","0.1500",""
"8488498","Pokemon","SV: Prismatic Evolutions","Applin","","009/131","Common","Near Mint","0.09","0.04","1.3200","0.0100","5","0","0.1500",""
"8489023","Pokemon","SV: Prismatic Evolutions","Archaludon","","070/131","Rare","Near Mint Holofoil","0.10","0.03","1.3200","0.0100","0","0","0.1500",""
"8490083","Pokemon","SV: Prismatic Evolutions","Archaludon (Poke Ball Pattern)","","070/131","Rare","Near Mint Holofoil","0.24","","1.3800","0.0700","0","0","0.1500",""
"8489233","Pokemon","SV: Prismatic Evolutions","Area Zero Underdepths","","094/131","Uncommon","Near Mint","0.09","0.10","1.3200","0.0100","2","0","0.1500",""
"8488743","Pokemon","SV: Prismatic Evolutions","Aromatisse","","039/131","Common","Near Mint","0.07","0.03","1.3200","0.0100","2","0","0.1500",""
"8488748","Pokemon","SV: Prismatic Evolutions","Aromatisse","","039/131","Common","Near Mint Reverse Holofoil","0.17","0.10","1.3200","0.0100","1","0","0.1500",""
"8489253","Pokemon","SV: Prismatic Evolutions","Black Belt's Training - 096/131","","096/131","Common","Near Mint","0.06","0.04","1.3200","0.0100","3","0","0.1500",""
"8489258","Pokemon","SV: Prismatic Evolutions","Black Belt's Training - 096/131","","096/131","Common","Near Mint Reverse Holofoil","0.17","0.13","1.3200","0.0100","0","0","0.1500",""
"8489263","Pokemon","SV: Prismatic Evolutions","Black Belt's Training - 097/131","","097/131","Common","Near Mint","0.10","0.03","1.3200","0.0100","5","0","0.1500",""
"8489273","Pokemon","SV: Prismatic Evolutions","Black Belt's Training - 098/131","","098/131","Common","Near Mint","0.07","0.03","1.3200","0.0100","4","0","0.1500",""
"8489283","Pokemon","SV: Prismatic Evolutions","Black Belt's Training - 099/131","","099/131","Common","Near Mint","0.06","0.03","1.3200","0.0100","2","0","0.1500",""
"8488883","Pokemon","SV: Prismatic Evolutions","Bloodmoon Ursaluna","","054/131","Rare","Near Mint Holofoil","0.08","0.06","1.3200","0.0100","0","0","0.1500",""
"8489598","Pokemon","SV: Prismatic Evolutions","Brassius","","135/131","Ultra Rare","Near Mint Holofoil","0.63","0.66","1.6500","0.3400","0","0","0.3400",""
"8489293","Pokemon","SV: Prismatic Evolutions","Briar","","100/131","Uncommon","Near Mint","0.14","0.07","1.3200","0.0100","4","0","0.1500",""
"8488993","Pokemon","SV: Prismatic Evolutions","Bronzong","","067/131","Uncommon","Near Mint","0.05","0.03","1.3200","0.0100","7","0","0.1500",""
"8488983","Pokemon","SV: Prismatic Evolutions","Bronzor","","066/131","Common","Near Mint","0.07","0.03","1.3200","0.0100","5","0","0.1500",""
"8488988","Pokemon","SV: Prismatic Evolutions","Bronzor","","066/131","Common","Near Mint Reverse Holofoil","0.08","0.08","1.3200","0.0100","3","0","0.1500",""
"8489303","Pokemon","SV: Prismatic Evolutions","Buddy-Buddy Poffin","","101/131","Uncommon","Near Mint","0.25","0.10","1.3200","0.0100","0","0","0.1500",""
"8488453","Pokemon","SV: Prismatic Evolutions","Budew","","004/131","Common","Near Mint","0.23","0.10","1.3200","0.0100","2","0","0.1500",""
"8488458","Pokemon","SV: Prismatic Evolutions","Budew","","004/131","Common","Near Mint Reverse Holofoil","0.23","0.17","1.3300","0.0200","1","0","0.1500",""
"8489313","Pokemon","SV: Prismatic Evolutions","Bug Catching Set","","102/131","Uncommon","Near Mint","0.13","","1.3200","0.0100","1","0","0.1500",""
"8489133","Pokemon","SV: Prismatic Evolutions","Buneary","","083/131","Common","Near Mint","0.08","0.04","1.3200","0.0100","5","0","0.1500",""
"8489138","Pokemon","SV: Prismatic Evolutions","Buneary","","083/131","Common","Near Mint Reverse Holofoil","0.10","0.09","1.3200","0.0100","1","0","0.1500",""
"8489323","Pokemon","SV: Prismatic Evolutions","Carmine","","103/131","Uncommon","Near Mint","0.09","0.05","1.3200","0.0100","5","0","0.1500",""
"8490218","Pokemon","SV: Prismatic Evolutions","Carmine (Poke Ball Pattern)","","103/131","Uncommon","Near Mint Holofoil","0.32","","1.3600","0.0500","0","0","0.1500",""
"8489333","Pokemon","SV: Prismatic Evolutions","Ciphermaniac's Codebreaking","","104/131","Uncommon","Near Mint","0.11","0.06","1.3200","0.0100","6","0","0.1500",""
"8488478","Pokemon","SV: Prismatic Evolutions","Cottonee","","007/131","Common","Near Mint","0.11","0.04","1.3200","0.0100","8","0","0.1500",""
"8488483","Pokemon","SV: Prismatic Evolutions","Cottonee","","007/131","Common","Near Mint Reverse Holofoil","0.10","0.07","1.3200","0.0100","1","0","0.1500",""
"8489343","Pokemon","SV: Prismatic Evolutions","Crispin - 105/131","","105/131","Uncommon","Near Mint","0.14","0.05","1.3200","0.0100","1","0","0.1500",""
"8489348","Pokemon","SV: Prismatic Evolutions","Crispin - 105/131","","105/131","Uncommon","Near Mint Reverse Holofoil","0.20","0.11","1.3600","0.0500","0","0","0.1500",""
"8488508","Pokemon","SV: Prismatic Evolutions","Dipplin","","010/131","Uncommon","Near Mint","0.13","0.06","1.3200","0.0100","8","0","0.1500",""
"8489043","Pokemon","SV: Prismatic Evolutions","Drakloak","","072/131","Common","Near Mint","0.14","0.10","1.3200","0.0100","9","0","0.1500",""
"8489033","Pokemon","SV: Prismatic Evolutions","Dreepy","","071/131","Common","Near Mint","0.09","0.10","1.3200","0.0100","4","0","0.1500",""
"8489098","Pokemon","SV: Prismatic Evolutions","Dunsparce","","079/131","Common","Near Mint","0.09","0.05","1.3200","0.0100","1","0","0.1500",""
"8489103","Pokemon","SV: Prismatic Evolutions","Dunsparce","","079/131","Common","Near Mint Reverse Holofoil","0.14","0.08","1.3200","0.0100","2","0","0.1500",""
"8489013","Pokemon","SV: Prismatic Evolutions","Duraludon","","069/131","Common","Near Mint","0.06","0.04","1.3200","0.0100","7","0","0.1500",""
"8488713","Pokemon","SV: Prismatic Evolutions","Dusclops","","036/131","Common","Near Mint","0.14","0.08","1.3200","0.0100","0","0","0.1500",""
"8488723","Pokemon","SV: Prismatic Evolutions","Dusknoir","","037/131","Rare","Near Mint Holofoil","0.22","0.16","1.3600","0.0500","0","0","0.1500",""
"8488703","Pokemon","SV: Prismatic Evolutions","Duskull","","035/131","Common","Near Mint","0.07","","1.3200","0.0100","0","0","0.1500",""
"8488708","Pokemon","SV: Prismatic Evolutions","Duskull","","035/131","Common","Near Mint Reverse Holofoil","0.24","0.17","1.3300","0.0200","2","0","0.1500",""
"8489353","Pokemon","SV: Prismatic Evolutions","Earthen Vessel","","106/131","Uncommon","Near Mint","0.25","0.10","1.3200","0.0100","0","0","0.1500",""
"8490233","Pokemon","SV: Prismatic Evolutions","Earthen Vessel (Poke Ball Pattern)","","106/131","Uncommon","Near Mint Holofoil","0.45","0.50","1.5200","0.2000","0","0","0.2500",""
"8489058","Pokemon","SV: Prismatic Evolutions","Eevee","","074/131","Common","Near Mint","0.15","0.09","1.3200","0.0100","1","0","0.1500",""
"8489063","Pokemon","SV: Prismatic Evolutions","Eevee","","074/131","Common","Near Mint Reverse Holofoil","0.20","0.18","1.3200","0.0100","0","0","0.1500",""
"8489758","Pokemon","SV: Prismatic Evolutions","Eevee ex - 167/131","","167/131","Special Illustration Rare","Near Mint Holofoil","119.06","","117.0500","115.7500","0","0","109.7000",""
"8488688","Pokemon","SV: Prismatic Evolutions","Espeon","","033/131","Rare","Near Mint Holofoil","0.29","0.23","1.3200","0.0100","0","0","0.1500",""
"8489698","Pokemon","SV: Prismatic Evolutions","Espeon ex - 155/131","","155/131","Special Illustration Rare","Near Mint Holofoil","205.84","","195.8000","195.8000","0","0","199.9000",""
"8488423","Pokemon","SV: Prismatic Evolutions","Exeggcute","","001/131","Common","Near Mint","0.06","0.04","1.3200","0.0100","6","0","0.1500",""
"8488428","Pokemon","SV: Prismatic Evolutions","Exeggcute","","001/131","Common","Near Mint Reverse Holofoil","0.08","0.08","1.3200","0.0100","1","0","0.1500",""
"8488433","Pokemon","SV: Prismatic Evolutions","Exeggutor","","002/131","Uncommon","Near Mint","0.08","0.03","1.3200","0.0100","6","0","0.1500",""
"8489363","Pokemon","SV: Prismatic Evolutions","Explorer's Guidance","","107/131","Uncommon","Near Mint","0.07","0.05","1.3200","0.0100","0","0","0.1500",""
"8490238","Pokemon","SV: Prismatic Evolutions","Explorer's Guidance (Poke Ball Pattern)","","107/131","Uncommon","Near Mint Holofoil","0.27","","1.3900","0.0800","0","0","0.1500",""
"8489153","Pokemon","SV: Prismatic Evolutions","Fan Rotom","","085/131","Common","Near Mint","0.17","0.03","1.3200","0.0100","0","0","0.1500",""
"8489373","Pokemon","SV: Prismatic Evolutions","Festival Grounds","","108/131","Uncommon","Near Mint","0.14","0.07","1.3200","0.0100","4","0","0.1500",""
"8490243","Pokemon","SV: Prismatic Evolutions","Festival Grounds (Poke Ball Pattern)","","108/131","Uncommon","Near Mint Holofoil","0.23","","1.3900","0.0800","0","0","0.1500",""
"8488798","Pokemon","SV: Prismatic Evolutions","Fezandipiti","","045/131","Rare","Near Mint Holofoil","0.08","0.03","1.3200","0.0100","0","0","0.1500",""
"8489653","Pokemon","SV: Prismatic Evolutions","Flareon ex - 146/131","","146/131","Special Illustration Rare","Near Mint Holofoil","161.26","174.97","159.6800","158.6900","0","0","159.0000",""
"8488778","Pokemon","SV: Prismatic Evolutions","Flutter Mane","","043/131","Rare","Near Mint Holofoil","0.09","0.05","1.3200","0.0100","0","0","0.1500",""
"8488783","Pokemon","SV: Prismatic Evolutions","Flutter Mane","","043/131","Rare","Near Mint Reverse Holofoil","0.12","0.08","1.3300","0.0200","0","0","0.1500",""
"8489973","Pokemon","SV: Prismatic Evolutions","Flutter Mane (Poke Ball Pattern)","","043/131","Rare","Near Mint Holofoil","0.46","0.49","1.4100","0.1000","0","0","0.1500",""
"8489383","Pokemon","SV: Prismatic Evolutions","Friends in Paldea - 109/131","","109/131","Common","Near Mint","0.14","0.06","1.3200","0.0100","4","0","0.1500",""
"8489183","Pokemon","SV: Prismatic Evolutions","Furfrou","","088/131","Common","Near Mint","0.08","0.04","1.3200","0.0100","2","0","0.1500",""
"8488638","Pokemon","SV: Prismatic Evolutions","Glaceon","","025/131","Rare","Near Mint Reverse Holofoil","0.30","","1.3900","0.0800","0","0","0.1500",""
"8489673","Pokemon","SV: Prismatic Evolutions","Glaceon ex - 150/131","","150/131","Special Illustration Rare","Near Mint Holofoil","175.26","195.52","165.3000","164.0000","0","0","170.0000",""
"8489393","Pokemon","SV: Prismatic Evolutions","Glass Trumpet","","110/131","Uncommon","Near Mint","0.09","0.04","1.3200","0.0100","3","0","0.1500",""
"8488588","Pokemon","SV: Prismatic Evolutions","Goldeen","","020/131","Common","Near Mint","0.16","0.04","1.3200","0.0100","5","0","0.1500",""
"8488893","Pokemon","SV: Prismatic Evolutions","Great Tusk","","055/131","Uncommon","Near Mint","0.09","0.05","1.3200","0.0100","3","0","0.1500",""
"8488838","Pokemon","SV: Prismatic Evolutions","Groudon","","049/131","Rare","Near Mint Holofoil","0.11","0.05","1.3200","0.0100","0","0","0.1500",""
"8489403","Pokemon","SV: Prismatic Evolutions","Haban Berry","","111/131","Common","Near Mint","0.09","0.04","1.3200","0.0100","6","0","0.1500",""
"8489193","Pokemon","SV: Prismatic Evolutions","Hawlucha","","089/131","Uncommon","Near Mint","0.05","0.03","1.3200","0.0100","10","0","0.1500",""
"8489003","Pokemon","SV: Prismatic Evolutions","Heatran","","068/131","Uncommon","Near Mint","0.07","0.03","1.3200","0.0100","7","0","0.1500",""
"8488863","Pokemon","SV: Prismatic Evolutions","Hippopotas","","052/131","Common","Near Mint","0.05","0.03","1.3200","0.0100","6","0","0.1500",""
"8488868","Pokemon","SV: Prismatic Evolutions","Hippopotas","","052/131","Common","Near Mint Reverse Holofoil","0.08","0.07","1.3200","0.0100","1","0","0.1500",""
"8488873","Pokemon","SV: Prismatic Evolutions","Hippowdon","","053/131","Common","Near Mint","0.07","0.03","1.3200","0.0100","8","0","0.1500",""
"8489078","Pokemon","SV: Prismatic Evolutions","Hoothoot","","077/131","Common","Near Mint","0.09","0.05","1.3200","0.0100","5","0","0.1500",""
"8489083","Pokemon","SV: Prismatic Evolutions","Hoothoot","","077/131","Common","Near Mint Reverse Holofoil","0.18","0.11","1.3200","0.0100","1","0","0.1500",""
"8488958","Pokemon","SV: Prismatic Evolutions","Houndoom","","063/131","Common","Near Mint","0.13","0.05","1.3200","0.0100","3","0","0.1500",""
"8488948","Pokemon","SV: Prismatic Evolutions","Houndour","","062/131","Common","Near Mint","0.06","0.03","1.3200","0.0100","9","0","0.1500",""
"8488808","Pokemon","SV: Prismatic Evolutions","Iron Boulder","","046/131","Rare","Near Mint Holofoil","0.14","0.05","1.3200","0.0100","0","0","0.1500",""
"8489413","Pokemon","SV: Prismatic Evolutions","Janine's Secret Art - 112/131","","112/131","Uncommon","Near Mint","0.16","0.10","1.3200","0.0100","4","0","0.1500",""
"8488658","Pokemon","SV: Prismatic Evolutions","Jolteon","","029/131","Rare","Near Mint Holofoil","0.24","0.10","1.3200","0.0100","0","0","0.1500",""
"8488663","Pokemon","SV: Prismatic Evolutions","Jolteon","","029/131","Rare","Near Mint Reverse Holofoil","0.23","0.19","1.3600","0.0500","0","0","0.1500",""
"8489423","Pokemon","SV: Prismatic Evolutions","Kieran - 113/131","","113/131","Uncommon","Near Mint","0.11","0.05","1.3200","0.0100","8","0","0.1500",""
"8489433","Pokemon","SV: Prismatic Evolutions","Lacey - 114/131","","114/131","Uncommon","Near Mint","0.06","0.04","1.3200","0.0100","3","0","0.1500",""
"8489438","Pokemon","SV: Prismatic Evolutions","Lacey - 114/131","","114/131","Uncommon","Near Mint Reverse Holofoil","0.19","0.14","1.3200","0.0100","1","0","0.1500",""
"8489443","Pokemon","SV: Prismatic Evolutions","Larry's Skill - 115/131","","115/131","Common","Near Mint","0.09","0.07","1.3200","0.0100","3","0","0.1500",""
"8488818","Pokemon","SV: Prismatic Evolutions","Larvitar","","047/131","Common","Near Mint","0.12","0.03","1.3200","0.0100","6","0","0.1500",""
"8488823","Pokemon","SV: Prismatic Evolutions","Larvitar","","047/131","Common","Near Mint Reverse Holofoil","0.15","0.10","1.3200","0.0100","1","0","0.1500",""
"8488463","Pokemon","SV: Prismatic Evolutions","Leafeon","","005/131","Rare","Near Mint Holofoil","0.24","0.10","1.3200","0.0100","0","0","0.1500",""
"8489643","Pokemon","SV: Prismatic Evolutions","Leafeon ex - 144/131","","144/131","Special Illustration Rare","Near Mint Holofoil","243.91","","229.9000","228.6000","0","0","235.0000",""
"8488543","Pokemon","SV: Prismatic Evolutions","Litleo","","015/131","Common","Near Mint","0.05","0.05","1.3200","0.0100","10","0","0.1500",""
"8488548","Pokemon","SV: Prismatic Evolutions","Litleo","","015/131","Common","Near Mint Reverse Holofoil","0.09","0.06","1.3200","0.0100","1","0","0.1500",""
"8489143","Pokemon","SV: Prismatic Evolutions","Lopunny","","084/131","Common","Near Mint","0.06","0.05","1.3200","0.0100","4","0","0.1500",""
"8489118","Pokemon","SV: Prismatic Evolutions","Miltank","","081/131","Common","Near Mint","0.10","0.03","1.3200","0.0100","6","0","0.1500",""
"8488788","Pokemon","SV: Prismatic Evolutions","Munkidori","","044/131","Rare","Near Mint Holofoil","0.34","0.27","1.3600","0.0500","0","0","0.1500",""
"8489088","Pokemon","SV: Prismatic Evolutions","Noctowl","","078/131","Rare","Near Mint Holofoil","0.19","0.10","1.3200","0.0100","0","0","0.1500",""
"8489093","Pokemon","SV: Prismatic Evolutions","Noctowl","","078/131","Rare","Near Mint Reverse Holofoil","0.17","0.10","1.3400","0.0300","0","0","0.1500",""
"8489203","Pokemon","SV: Prismatic Evolutions","Noibat","","090/131","Common","Near Mint","0.06","0.04","1.3200","0.0100","5","0","0.1500",""
"8489463","Pokemon","SV: Prismatic Evolutions","Ogre's Mask","","118/131","Uncommon","Near Mint","0.07","0.03","1.3200","0.0100","5","0","0.1500",""
"8488908","Pokemon","SV: Prismatic Evolutions","Okidogi","","057/131","Rare","Near Mint Holofoil","0.12","0.07","1.3200","0.0100","0","0","0.1500",""
"8488443","Pokemon","SV: Prismatic Evolutions","Pinsir","","003/131","Common","Near Mint","0.05","0.03","1.3200","0.0100","4","0","0.1500",""
"8488448","Pokemon","SV: Prismatic Evolutions","Pinsir","","003/131","Common","Near Mint Reverse Holofoil","0.16","0.09","1.3200","0.0100","1","0","0.1500",""
"8489478","Pokemon","SV: Prismatic Evolutions","Professor Sada's Vitality","","120/131","Uncommon","Near Mint","0.07","0.05","1.3200","0.0100","5","0","0.1500",""
"8489483","Pokemon","SV: Prismatic Evolutions","Professor Sada's Vitality","","120/131","Uncommon","Near Mint Reverse Holofoil","0.18","0.14","1.3200","0.0100","1","0","0.1500",""
"8489488","Pokemon","SV: Prismatic Evolutions","Professor Turo's Scenario","","121/131","Uncommon","Near Mint","0.12","0.09","1.3200","0.0100","0","0","0.1500",""
"8489508","Pokemon","SV: Prismatic Evolutions","Professor's Research [Professor Elm]","","123/131","Common","Near Mint","0.09","0.05","1.3200","0.0100","4","0","0.1500",""
"8489498","Pokemon","SV: Prismatic Evolutions","Professor's Research [Professor Oak]","","122/131","Common","Near Mint","0.09","0.05","1.3200","0.0100","0","0","0.1500",""
"8489518","Pokemon","SV: Prismatic Evolutions","Professor's Research [Professor Rowan]","","124/131","Common","Near Mint","0.09","0.06","1.3200","0.0100","3","0","0.1500",""
"8489528","Pokemon","SV: Prismatic Evolutions","Professor's Research [Professor Sycamore]","","125/131","Common","Near Mint","0.05","0.04","1.3200","0.0100","5","0","0.1500",""
"8489533","Pokemon","SV: Prismatic Evolutions","Professor's Research [Professor Sycamore]","","125/131","Common","Near Mint Reverse Holofoil","0.13","0.08","1.3200","0.0100","2","0","0.1500",""
"8488828","Pokemon","SV: Prismatic Evolutions","Pupitar","","048/131","Common","Near Mint","0.08","0.03","1.3200","0.0100","2","0","0.1500",""
"8488553","Pokemon","SV: Prismatic Evolutions","Pyroar","","016/131","Uncommon","Near Mint","0.05","0.04","1.3200","0.0100","1","0","0.1500",""
"8489163","Pokemon","SV: Prismatic Evolutions","Regigigas","","086/131","Uncommon","Near Mint","0.09","0.06","1.3200","0.0100","4","0","0.1500",""
"8489538","Pokemon","SV: Prismatic Evolutions","Rescue Board","","126/131","Uncommon","Near Mint","0.10","0.04","1.3200","0.0100","5","0","0.1500",""
"8489543","Pokemon","SV: Prismatic Evolutions","Rescue Board","","126/131","Uncommon","Near Mint Reverse Holofoil","0.21","0.13","1.3200","0.0100","1","0","0.1500",""
"8490318","Pokemon","SV: Prismatic Evolutions","Rescue Board (Poke Ball Pattern)","","126/131","Uncommon","Near Mint Holofoil","0.29","0.25","1.3400","0.0300","1","0","0.1500",""
"8488848","Pokemon","SV: Prismatic Evolutions","Riolu","","050/131","Common","Near Mint","0.13","0.07","1.3200","0.0100","1","0","0.1500",""
"8488853","Pokemon","SV: Prismatic Evolutions","Riolu","","050/131","Common","Near Mint Reverse Holofoil","0.20","0.11","1.3200","0.0100","0","0","0.1500",""
"8489548","Pokemon","SV: Prismatic Evolutions","Roto-Stick","","127/131","Common","Near Mint","0.12","0.07","1.3200","0.0100","5","0","0.1500",""
"8488768","Pokemon","SV: Prismatic Evolutions","Scream Tail","","042/131","Uncommon","Near Mint","0.09","0.05","1.3200","0.0100","9","0","0.1500",""
"8488773","Pokemon","SV: Prismatic Evolutions","Scream Tail","","042/131","Uncommon","Near Mint Reverse Holofoil","0.21","0.16","1.3200","0.0100","0","0","0.1500",""
"8488598","Pokemon","SV: Prismatic Evolutions","Seaking","","021/131","Uncommon","Near Mint","0.16","0.10","1.3200","0.0100","8","0","0.1500",""
"8489173","Pokemon","SV: Prismatic Evolutions","Shaymin","","087/131","Uncommon","Near Mint","0.09","0.03","1.3200","0.0100","2","0","0.1500",""
"8488568","Pokemon","SV: Prismatic Evolutions","Slowpoke","","018/131","Common","Near Mint","0.09","0.05","1.3200","0.0100","8","0","0.1500",""
"8489888","Pokemon","SV: Prismatic Evolutions","Slowpoke (Poke Ball Pattern)","","018/131","Common","Near Mint Holofoil","0.46","","1.4600","0.1500","0","0","0.1500",""
"8488938","Pokemon","SV: Prismatic Evolutions","Sneasel","","061/131","Common","Near Mint","0.06","0.03","1.3200","0.0100","6","0","0.1500",""
"8490043","Pokemon","SV: Prismatic Evolutions","Sneasel (Poke Ball Pattern)","","061/131","Common","Near Mint Holofoil","0.25","0.25","1.3600","0.0500","1","0","0.1500",""
"8488733","Pokemon","SV: Prismatic Evolutions","Spritzee","","038/131","Common","Near Mint","0.07","0.03","1.3200","0.0100","5","0","0.1500",""
"8488738","Pokemon","SV: Prismatic Evolutions","Spritzee","","038/131","Common","Near Mint Reverse Holofoil","0.11","0.08","1.3200","0.0100","3","0","0.1500",""
"8488623","Pokemon","SV: Prismatic Evolutions","Suicune","","024/131","Uncommon","Near Mint","0.12","0.06","1.3200","0.0100","8","0","0.1500",""
"8488753","Pokemon","SV: Prismatic Evolutions","Sylveon","","040/131","Rare","Near Mint Holofoil","0.26","0.20","1.3200","0.0100","0","0","0.1500",""
"8488758","Pokemon","SV: Prismatic Evolutions","Sylveon","","040/131","Rare","Near Mint Reverse Holofoil","0.28","0.19","1.3600","0.0500","0","0","0.1500",""
"8489568","Pokemon","SV: Prismatic Evolutions","Techno Radar","","130/131","Uncommon","Near Mint","0.04","0.03","1.3200","0.0100","6","0","0.1500",""
"8489638","Pokemon","SV: Prismatic Evolutions","Tyme","","143/131","Ultra Rare","Near Mint Holofoil","0.51","0.45","1.4600","0.1500","0","0","0.1500",""
"8488923","Pokemon","SV: Prismatic Evolutions","Umbreon","","059/131","Rare","Near Mint Holofoil","0.26","","1.3200","0.0100","0","0","0.1500",""
"8489668","Pokemon","SV: Prismatic Evolutions","Vaporeon ex - 149/131","","149/131","Special Illustration Rare","Near Mint Holofoil","170.29","","163.8000","163.8000","0","0","168.0000",""
"8488488","Pokemon","SV: Prismatic Evolutions","Whimsicott","","008/131","Rare","Near Mint Holofoil","0.05","0.03","1.3200","0.0100","0","0","0.1500",""
"7432439","Pokemon","SV: Scarlet & Violet 151","Antique Dome Fossil","","152/165","Common","Near Mint","0.18","0.08","1.3400","0.0300","0","0","0.1500",""
"7432449","Pokemon","SV: Scarlet & Violet 151","Antique Helix Fossil","","153/165","Common","Near Mint","0.15","0.08","1.3400","0.0300","0","0","0.1500",""
"7241841","Pokemon","SV: Scarlet & Violet 151","Beedrill","","015/165","Rare","Near Mint Holofoil","0.23","0.15","1.3200","0.0100","1","0","0.1500",""
"7431343","Pokemon","SV: Scarlet & Violet 151","Bellsprout","","069/165","Common","Near Mint","0.09","","1.3200","0.0100","1","0","0.1500",""
"7432469","Pokemon","SV: Scarlet & Violet 151","Big Air Balloon","","155/165","Uncommon","Near Mint","0.19","0.10","1.3200","0.0100","1","0","0.1500",""
"7432479","Pokemon","SV: Scarlet & Violet 151","Bill's Transfer - 156/165","","156/165","Uncommon","Near Mint","0.12","0.06","1.3200","0.0100","1","0","0.1500",""
"7241786","Pokemon","SV: Scarlet & Violet 151","Caterpie - 010/165","","010/165","Common","Near Mint","0.14","0.06","1.3200","0.0100","1","0","0.1500",""
"7431473","Pokemon","SV: Scarlet & Violet 151","Chansey","","113/165","Rare","Near Mint Holofoil","0.25","0.24","1.3600","0.0500","0","0","0.1500",""
"7241761","Pokemon","SV: Scarlet & Violet 151","Charmander - 004/165","","004/165","Common","Near Mint","0.15","0.11","1.3200","0.0100","0","0","0.1500",""
"7428501","Pokemon","SV: Scarlet & Violet 151","Clefable","","036/165","Uncommon","Near Mint","0.16","0.06","1.3200","0.0100","0","0","0.1500",""
"7428466","Pokemon","SV: Scarlet & Violet 151","Clefairy","","035/165","Common","Near Mint","0.12","0.06","1.3200","0.0100","1","0","0.1500",""
"7432043","Pokemon","SV: Scarlet & Violet 151","Cubone","","104/165","Common","Near Mint","0.15","0.06","1.3200","0.0100","0","0","0.1500",""
"7432489","Pokemon","SV: Scarlet & Violet 151","Cycling Road","","157/165","Uncommon","Near Mint","0.14","0.08","1.3200","0.0100","0","0","0.1500",""
"7432499","Pokemon","SV: Scarlet & Violet 151","Daisy's Help - 158/165","","158/165","Uncommon","Near Mint","0.13","0.06","1.3200","0.0100","2","0","0.1500",""
"7431873","Pokemon","SV: Scarlet & Violet 151","Dewgong","","087/165","Uncommon","Near Mint","0.16","0.06","1.3200","0.0100","1","0","0.1500",""
"7432254","Pokemon","SV: Scarlet & Violet 151","Ditto","","132/165","Rare","Near Mint Holofoil","0.32","","1.4000","0.0900","0","0","0.1500",""
"7431853","Pokemon","SV: Scarlet & Violet 151","Dodrio","","085/165","Rare","Near Mint Holofoil","0.26","0.15","1.3200","0.0100","0","0","0.1500",""
"7432409","Pokemon","SV: Scarlet & Violet 151","Dragonair - 148/165","","148/165","Uncommon","Near Mint","0.20","0.05","1.3200","0.0100","1","0","0.1500",""
"7432264","Pokemon","SV: Scarlet & Violet 151","Eevee","","133/165","Common","Near Mint","0.20","0.09","1.3200","0.0100","0","0","0.1500",""
"7427838","Pokemon","SV: Scarlet & Violet 151","Ekans","","023/165","Common","Near Mint","0.12","0.05","1.3200","0.0100","1","0","0.1500",""
"7432184","Pokemon","SV: Scarlet & Violet 151","Electabuzz","","125/165","Common","Near Mint","0.08","0.05","1.3200","0.0100","1","0","0.1500",""
"7432013","Pokemon","SV: Scarlet & Violet 151","Electrode","","101/165","Rare","Near Mint Holofoil","0.26","0.11","1.3200","0.0100","0","0","0.1500",""
"7432023","Pokemon","SV: Scarlet & Violet 151","Exeggcute","","102/165","Common","Near Mint","0.11","0.05","1.3200","0.0100","1","0","0.1500",""
"7241914","Pokemon","SV: Scarlet & Violet 151","Fearow","","022/165","Uncommon","Near Mint","0.13","","1.3200","0.0100","1","0","0.1500",""
"7431413","Pokemon","SV: Scarlet & Violet 151","Geodude","","074/165","Common","Near Mint","0.12","0.05","1.3200","0.0100","0","0","0.1500",""
"7432529","Pokemon","SV: Scarlet & Violet 151","Giovanni's Charisma - 161/165","","161/165","Uncommon","Near Mint","0.18","0.09","1.3200","0.0100","1","0","0.1500",""
"7429142","Pokemon","SV: Scarlet & Violet 151","Gloom","","044/165","Uncommon","Near Mint","0.13","0.07","1.3200","0.0100","1","0","0.1500",""
"7432119","Pokemon","SV: Scarlet & Violet 151","Goldeen","","118/165","Common","Near Mint","0.10","0.05","1.3200","0.0100","2","0","0.1500",""
"7429645","Pokemon","SV: Scarlet & Violet 151","Golduck","","055/165","Uncommon","Near Mint","0.12","0.06","1.3200","0.0100","0","0","0.1500",""
"7431883","Pokemon","SV: Scarlet & Violet 151","Grimer","","088/165","Common","Near Mint","0.10","","1.3200","0.0100","1","0","0.1500",""
"7432234","Pokemon","SV: Scarlet & Violet 151","Gyarados","","130/165","Rare","Near Mint Holofoil","0.31","0.25","1.3200","0.0100","0","0","0.1500",""
"7431933","Pokemon","SV: Scarlet & Violet 151","Haunter","","093/165","Uncommon","Near Mint","0.18","0.10","1.3400","0.0300","1","0","0.1500",""
"7432078","Pokemon","SV: Scarlet & Violet 151","Hitmonchan","","107/165","Uncommon","Near Mint","0.17","0.08","1.3400","0.0300","0","0","0.1500",""
"7431512","Pokemon","SV: Scarlet & Violet 151","Horsea","","116/165","Common","Near Mint","0.08","0.05","1.3200","0.0100","0","0","0.1500",""
"7428871","Pokemon","SV: Scarlet & Violet 151","Jigglypuff","","039/165","Common","Near Mint","0.15","0.06","1.3200","0.0100","0","0","0.1500",""
"7432334","Pokemon","SV: Scarlet & Violet 151","Kabuto","","140/165","Uncommon","Near Mint","0.17","0.08","1.3200","0.0100","0","0","0.1500",""
"7432099","Pokemon","SV: Scarlet & Violet 151","Koffing","","109/165","Common","Near Mint","0.09","0.06","1.3300","0.0200","1","0","0.1500",""
"7431983","Pokemon","SV: Scarlet & Violet 151","Krabby","","098/165","Common","Near Mint","0.12","0.05","1.3200","0.0100","0","0","0.1500",""
"7432244","Pokemon","SV: Scarlet & Violet 151","Lapras","","131/165","Uncommon","Near Mint","0.18","0.07","1.3400","0.0300","0","0","0.1500",""
"7432549","Pokemon","SV: Scarlet & Violet 151","Leftovers","","163/165","Uncommon","Near Mint","0.14","0.06","1.3200","0.0100","1","0","0.1500",""
"7430456","Pokemon","SV: Scarlet & Violet 151","Machop","","066/165","Common","Near Mint","0.15","0.06","1.3300","0.0200","0","0","0.1500",""
"7432224","Pokemon","SV: Scarlet & Violet 151","Magikarp","","129/165","Common","Near Mint","0.19","0.09","1.3200","0.0100","1","0","0.1500",""
"7432194","Pokemon","SV: Scarlet & Violet 151","Magmar","","126/165","Common","Near Mint","0.13","0.06","1.3200","0.0100","0","0","0.1500",""
"7431793","Pokemon","SV: Scarlet & Violet 151","Magnemite","","081/165","Common","Near Mint","0.15","0.06","1.3200","0.0100","1","0","0.1500",""
"7429535","Pokemon","SV: Scarlet & Violet 151","Meowth","","052/165","Common","Near Mint","0.13","0.06","1.3300","0.0200","0","0","0.1500",""
"7432159","Pokemon","SV: Scarlet & Violet 151","Mr. Mime - 122/165","","122/165","Rare","Near Mint Holofoil","0.23","0.15","1.3400","0.0300","0","0","0.1500",""
"7428431","Pokemon","SV: Scarlet & Violet 151","Nidoking - 034/165","","034/165","Rare","Near Mint Holofoil","0.30","0.19","1.3600","0.0500","1","0","0.1500",""
"7429132","Pokemon","SV: Scarlet & Violet 151","Oddish","","043/165","Common","Near Mint","0.14","0.06","1.3300","0.0200","2","0","0.1500",""
"7431953","Pokemon","SV: Scarlet & Violet 151","Onix","","095/165","Uncommon","Near Mint","0.10","0.01","1.3200","0.0100","2","0","0.1500",""
"7241816","Pokemon","SV: Scarlet & Violet 151","Pidgey","","016/165","Common","Near Mint","0.16","","1.3500","0.0400","0","0","0.1500",""
"7436682","Pokemon","SV: Scarlet & Violet 151","Pikachu - 025/165","","025/165","Common","Near Mint","0.20","","1.3200","0.0100","0","0","0.1500",""
"7432204","Pokemon","SV: Scarlet & Violet 151","Pinsir","","127/165","Uncommon","Near Mint","0.14","0.06","1.3200","0.0100","0","0","0.1500",""
"7431612","Pokemon","SV: Scarlet & Violet 151","Ponyta","","077/165","Common","Near Mint","0.17","0.05","1.3200","0.0100","0","0","0.1500",""
"7429725","Pokemon","SV: Scarlet & Violet 151","Primeape","","057/165","Uncommon","Near Mint","0.14","0.05","1.3200","0.0100","1","0","0.1500",""
"7427863","Pokemon","SV: Scarlet & Violet 151","Raichu","","026/165","Rare","Near Mint Holofoil","0.26","0.17","1.3700","0.0600","0","0","0.1500",""
"7431647","Pokemon","SV: Scarlet & Violet 151","Rapidash","","078/165","Uncommon","Near Mint","0.09","0.06","1.3300","0.0200","2","0","0.1500",""
"7241836","Pokemon","SV: Scarlet & Violet 151","Raticate","","020/165","Uncommon","Near Mint","0.15","0.06","1.3200","0.0100","0","0","0.1500",""
"7432569","Pokemon","SV: Scarlet & Violet 151","Rigid Band","","165/165","Uncommon","Near Mint","0.19","0.09","1.3200","0.0100","1","0","0.1500",""
"7428216","Pokemon","SV: Scarlet & Violet 151","Sandshrew","","027/165","Common","Near Mint","0.16","","1.3200","0.0100","1","0","0.1500",""
"7431522","Pokemon","SV: Scarlet & Violet 151","Seadra","","117/165","Uncommon","Near Mint","0.14","0.06","1.3200","0.0100","2","0","0.1500",""
"7432129","Pokemon","SV: Scarlet & Violet 151","Seaking","","119/165","Uncommon","Near Mint","0.14","0.06","1.3200","0.0100","1","0","0.1500",""
"7431813","Pokemon","SV: Scarlet & Violet 151","Slowpoke","","079/165","Common","Near Mint","0.14","0.06","1.3200","0.0100","0","0","0.1500",""
"7241908","Pokemon","SV: Scarlet & Violet 151","Spearow","","021/165","Common","Near Mint","0.11","0.06","1.3200","0.0100","2","0","0.1500",""
"7432139","Pokemon","SV: Scarlet & Violet 151","Staryu","","120/165","Common","Near Mint","0.16","0.06","1.3200","0.0100","0","0","0.1500",""
"7431492","Pokemon","SV: Scarlet & Violet 151","Tangela - 114/165","","114/165","Common","Near Mint","0.10","","1.3200","0.0100","1","0","0.1500",""
"7429420","Pokemon","SV: Scarlet & Violet 151","Venomoth","","049/165","Uncommon","Near Mint","0.14","0.05","1.3200","0.0100","0","0","0.1500",""
"7429375","Pokemon","SV: Scarlet & Violet 151","Venonat","","048/165","Common","Near Mint","0.10","0.05","1.3200","0.0100","0","0","0.1500",""
"7431373","Pokemon","SV: Scarlet & Violet 151","Victreebel","","071/165","Uncommon","Near Mint","0.18","0.06","1.3200","0.0100","0","0","0.1500",""
"7429157","Pokemon","SV: Scarlet & Violet 151","Vileplume","","045/165","Rare","Near Mint Holofoil","0.29","0.15","1.3400","0.0300","0","0","0.1500",""
"7432003","Pokemon","SV: Scarlet & Violet 151","Voltorb","","100/165","Common","Near Mint","0.12","0.05","1.3200","0.0100","0","0","0.1500",""
"7241801","Pokemon","SV: Scarlet & Violet 151","Weedle","","013/165","Common","Near Mint","0.16","0.06","1.3200","0.0100","1","0","0.1500",""
"7429092","Pokemon","SV: Scarlet & Violet 151","Zubat","","041/165","Common","Near Mint","0.13","0.05","1.3200","0.0100","1","0","0.1500",""
"7580121","Pokemon","SV: Scarlet & Violet Promo Cards","Iron Valiant ex - 068","","068","Promo","Near Mint Holofoil","0.74","0.64","1.7900","0.4800","0","0","0.4800",""
"8778931","Pokemon","SV: Scarlet & Violet Promo Cards","Zarude - 199 (Cosmos Holo)","","199","Holo Rare","Near Mint Holofoil","0.24","","1.3900","0.0800","0","0","0.1500",""
"8812492","Pokemon","SV: White Flare","Accelgor","","009/086","Uncommon","Near Mint","0.05","0.04","1.3200","0.0100","4","0","0.1500",""
"8813187","Pokemon","SV: White Flare","Antique Plume Fossil","","079/086","Common","Near Mint","0.08","0.06","1.3200","0.0100","2","0","0.1500",""
"8812857","Pokemon","SV: White Flare","Archen","","050/086","Uncommon","Near Mint","0.12","0.07","1.3200","0.0100","3","0","0.1500",""
"8812867","Pokemon","SV: White Flare","Archeops","","051/086","Rare","Near Mint Holofoil","0.10","0.04","1.3200","0.0100","4","0","0.1500",""
"8814262","Pokemon","SV: White Flare","Archeops (Poke Ball Pattern)","","051/086","Rare","Near Mint Holofoil","0.46","","1.4600","0.1500","0","0","0.1500",""
"8812607","Pokemon","SV: White Flare","Basculin","","024/086","Common","Near Mint","0.06","0.04","1.3200","0.0100","2","0","0.1500",""
"8812672","Pokemon","SV: White Flare","Blitzle","","031/086","Common","Near Mint","0.08","0.05","1.3200","0.0100","5","0","0.1500",""
"8812827","Pokemon","SV: White Flare","Boldore","","047/086","Common","Near Mint","0.05","0.04","1.3200","0.0100","5","0","0.1500",""
"8812832","Pokemon","SV: White Flare","Boldore","","047/086","Common","Near Mint Reverse Holofoil","0.17","0.09","1.3500","0.0400","0","0","0.1500",""
"8813197","Pokemon","SV: White Flare","Brave Bangle","","080/086","Uncommon","Near Mint","0.24","","1.4500","0.1400","0","0","0.1500",""
"8815142","Pokemon","SV: White Flare","Chandelure","","018/086","Rare","Near Mint Holofoil","0.09","0.05","1.3300","0.0200","2","0","0.1500",""
"8813217","Pokemon","SV: White Flare","Cheren","","081/086","Uncommon","Near Mint","0.12","0.10","1.3200","0.0100","4","0","0.1500",""
"8812762","Pokemon","SV: White Flare","Cofagrigus","","040/086","Rare","Near Mint Holofoil","0.10","0.05","1.3200","0.0100","3","0","0.1500",""
"8812447","Pokemon","SV: White Flare","Cottonee","","004/086","Common","Near Mint","0.10","0.07","1.3200","0.0100","5","0","0.1500",""
"8812452","Pokemon","SV: White Flare","Cottonee","","004/086","Common","Near Mint Reverse Holofoil","0.13","0.10","1.3200","0.0100","1","0","0.1500",""
"8812462","Pokemon","SV: White Flare","Deerling","","006/086","Common","Near Mint","0.10","0.08","1.3200","0.0100","2","0","0.1500",""
"8812987","Pokemon","SV: White Flare","Deino","","065/086","Common","Near Mint","0.07","0.05","1.3200","0.0100","5","0","0.1500",""
"8812587","Pokemon","SV: White Flare","Dewott","","022/086","Common","Near Mint","0.12","0.08","1.3200","0.0100","5","0","0.1500",""
"8813072","Pokemon","SV: White Flare","Druddigon","","071/086","Uncommon","Near Mint","0.08","0.06","1.3200","0.0100","2","0","0.1500",""
"8812617","Pokemon","SV: White Flare","Ducklett","","025/086","Common","Near Mint","0.08","0.06","1.3200","0.0100","4","0","0.1500",""
"8813062","Pokemon","SV: White Flare","Durant","","070/086","Uncommon","Near Mint","0.09","0.06","1.3200","0.0100","4","0","0.1500",""
"8813167","Pokemon","SV: White Flare","Energy Retrieval","","082/086","Uncommon","Near Mint","0.14","","1.3200","0.0100","2","0","0.1500",""
"8813012","Pokemon","SV: White Flare","Ferroseed","","068/086","Common","Near Mint","0.06","0.04","1.3200","0.0100","3","0","0.1500",""
"8813022","Pokemon","SV: White Flare","Ferrothorn","","069/086","Uncommon","Near Mint","0.06","0.04","1.3200","0.0100","4","0","0.1500",""
"8812802","Pokemon","SV: White Flare","Frillish","","044/086","Common","Near Mint","0.15","","1.4100","0.1000","0","0","0.1500",""
"8812957","Pokemon","SV: White Flare","Garbodor","","060/086","Uncommon","Near Mint","0.11","0.07","1.3200","0.0100","5","0","0.1500",""
"8812837","Pokemon","SV: White Flare","Gigalith","","048/086","Uncommon","Near Mint","0.08","0.06","1.3200","0.0100","3","0","0.1500",""
"8812842","Pokemon","SV: White Flare","Gigalith","","048/086","Uncommon","Near Mint Reverse Holofoil","0.25","","1.4000","0.0900","0","0","0.1500",""
"8812772","Pokemon","SV: White Flare","Gothita","","041/086","Common","Near Mint","0.08","0.06","1.3200","0.0100","7","0","0.1500",""
"8812777","Pokemon","SV: White Flare","Gothita","","041/086","Common","Near Mint Reverse Holofoil","0.19","0.12","1.3200","0.0100","1","0","0.1500",""
"8812782","Pokemon","SV: White Flare","Gothorita","","042/086","Common","Near Mint","0.07","0.05","1.3200","0.0100","4","0","0.1500",""
"8812787","Pokemon","SV: White Flare","Gothorita","","042/086","Common","Near Mint Reverse Holofoil","0.15","0.10","1.3200","0.0100","1","0","0.1500",""
"8813207","Pokemon","SV: White Flare","Harlequin","","083/086","Uncommon","Near Mint","0.13","0.12","1.3200","0.0100","2","0","0.1500",""
"8812562","Pokemon","SV: White Flare","Heatmor","","019/086","Uncommon","Near Mint","0.12","0.08","1.3200","0.0100","1","0","0.1500",""
"8812567","Pokemon","SV: White Flare","Heatmor","","019/086","Uncommon","Near Mint Reverse Holofoil","0.18","0.15","1.3900","0.0800","0","0","0.1500",""
"8813112","Pokemon","SV: White Flare","Herdier","","075/086","Common","Near Mint","0.12","0.07","1.3200","0.0100","5","0","0.1500",""
"8813117","Pokemon","SV: White Flare","Herdier","","075/086","Common","Near Mint Reverse Holofoil","0.18","0.14","1.3400","0.0300","1","0","0.1500",""
"8813227","Pokemon","SV: White Flare","Hilda","","084/086","Uncommon","Near Mint","1.55","","2.1100","0.8000","0","0","1.0000",""
"8813007","Pokemon","SV: White Flare","Hydreigon ex","","067/086","Double Rare","Near Mint Holofoil","0.46","0.78","1.4900","0.1800","0","0","0.2000",""
"8813237","Pokemon","SV: White Flare","Ignition Energy","","086/086","Uncommon","Near Mint","0.25","0.21","1.4100","0.1000","0","0","0.1500",""
"8812692","Pokemon","SV: White Flare","Joltik","","033/086","Common","Near Mint","0.08","0.04","1.3200","0.0100","3","0","0.1500",""
"8812697","Pokemon","SV: White Flare","Joltik","","033/086","Common","Near Mint Reverse Holofoil","0.18","0.08","1.3600","0.0500","1","0","0.1500",""
"8815132","Pokemon","SV: White Flare","Lampent","","017/086","Common","Near Mint","0.08","0.05","1.3200","0.0100","1","0","0.1500",""
"8815137","Pokemon","SV: White Flare","Lampent","","017/086","Common","Near Mint Reverse Holofoil","0.16","0.10","1.3200","0.0100","1","0","0.1500",""
"8812437","Pokemon","SV: White Flare","Leavanny","","003/086","Uncommon","Near Mint","0.10","0.09","1.3200","0.0100","4","0","0.1500",""
"8812917","Pokemon","SV: White Flare","Liepard","","056/086","Uncommon","Near Mint","0.07","0.05","1.3200","0.0100","3","0","0.1500",""
"8812922","Pokemon","SV: White Flare","Liepard","","056/086","Uncommon","Near Mint Reverse Holofoil","0.21","","1.3900","0.0800","0","0","0.1500",""
"8813102","Pokemon","SV: White Flare","Lillipup","","074/086","Common","Near Mint","0.11","0.07","1.3200","0.0100","2","0","0.1500",""
"8813107","Pokemon","SV: White Flare","Lillipup","","074/086","Common","Near Mint Reverse Holofoil","0.16","0.10","1.3400","0.0300","1","0","0.1500",""
"8815122","Pokemon","SV: White Flare","Litwick","","016/086","Common","Near Mint","0.12","0.07","1.3200","0.0100","5","0","0.1500",""
"8815582","Pokemon","SV: White Flare","Mandibuzz","","064/086","Uncommon","Near Mint","0.10","0.07","1.3200","0.0100","1","0","0.1500",""
"8812877","Pokemon","SV: White Flare","Mienfoo","","052/086","Common","Near Mint","0.06","0.04","1.3200","0.0100","4","0","0.1500",""
"8812882","Pokemon","SV: White Flare","Mienfoo","","052/086","Common","Near Mint Reverse Holofoil","0.13","0.08","1.3400","0.0300","4","0","0.1500",""
"8812887","Pokemon","SV: White Flare","Mienshao","","053/086","Uncommon","Near Mint","0.05","0.04","1.3200","0.0100","1","0","0.1500",""
"8812577","Pokemon","SV: White Flare","Oshawott","","021/086","Common","Near Mint","0.18","0.10","1.3200","0.0100","4","0","0.1500",""
"8812582","Pokemon","SV: White Flare","Oshawott","","021/086","Common","Near Mint Reverse Holofoil","0.23","0.14","1.3300","0.0200","0","0","0.1500",""
"8812542","Pokemon","SV: White Flare","Pansear","","014/086","Common","Near Mint","0.07","0.04","1.3200","0.0100","1","0","0.1500",""
"8813082","Pokemon","SV: White Flare","Patrat","","072/086","Common","Near Mint","0.07","0.05","1.3200","0.0100","3","0","0.1500",""
"8813087","Pokemon","SV: White Flare","Patrat","","072/086","Common","Near Mint Reverse Holofoil","0.13","0.06","1.3300","0.0200","0","0","0.1500",""
"8812522","Pokemon","SV: White Flare","Pignite","","012/086","Common","Near Mint","0.15","0.10","1.3200","0.0100","7","0","0.1500",""
"8812907","Pokemon","SV: White Flare","Purrloin","","055/086","Common","Near Mint","0.13","0.09","1.3200","0.0100","0","0","0.1500",""
"8812817","Pokemon","SV: White Flare","Roggenrola","","046/086","Common","Near Mint","0.10","0.06","1.3200","0.0100","1","0","0.1500",""
"8812597","Pokemon","SV: White Flare","Samurott","","023/086","Rare","Near Mint Holofoil","0.10","0.09","1.3200","0.0100","3","0","0.1500",""
"8812847","Pokemon","SV: White Flare","Sawk","","049/086","Uncommon","Near Mint","0.06","0.04","1.3200","0.0100","6","0","0.1500",""
"8812472","Pokemon","SV: White Flare","Sawsbuck","","007/086","Uncommon","Near Mint","0.07","0.05","1.3200","0.0100","1","0","0.1500",""
"8812477","Pokemon","SV: White Flare","Sawsbuck","","007/086","Uncommon","Near Mint Reverse Holofoil","0.25","0.16","1.4100","0.1000","0","0","0.1500",""
"8812942","Pokemon","SV: White Flare","Scrafty","","058/086","Uncommon","Near Mint Reverse Holofoil","0.23","","1.4600","0.1500","0","0","0.1500",""
"8812927","Pokemon","SV: White Flare","Scraggy","","057/086","Common","Near Mint","0.17","0.10","1.3200","0.0100","2","0","0.1500",""
"8812417","Pokemon","SV: White Flare","Sewaddle","","001/086","Common","Near Mint","0.07","0.04","1.3200","0.0100","4","0","0.1500",""
"8812482","Pokemon","SV: White Flare","Shelmet","","008/086","Common","Near Mint","0.05","0.04","1.3200","0.0100","2","0","0.1500",""
"8812742","Pokemon","SV: White Flare","Sigilyph","","038/086","Uncommon","Near Mint","0.05","0.04","1.3200","0.0100","1","0","0.1500",""
"8812747","Pokemon","SV: White Flare","Sigilyph","","038/086","Uncommon","Near Mint Reverse Holofoil","0.22","","1.4000","0.0900","0","0","0.1500",""
"8812552","Pokemon","SV: White Flare","Simisear","","015/086","Uncommon","Near Mint","0.04","0.03","1.3200","0.0100","6","0","0.1500",""
"8813122","Pokemon","SV: White Flare","Stoutland","","076/086","Uncommon","Near Mint","0.15","0.07","1.3200","0.0100","5","0","0.1500",""
"8812712","Pokemon","SV: White Flare","Stunfisk","","035/086","Uncommon","Near Mint","0.06","0.04","1.3200","0.0100","2","0","0.1500",""
"8812427","Pokemon","SV: White Flare","Swadloon","","002/086","Common","Near Mint","0.14","0.07","1.3200","0.0100","6","0","0.1500",""
"8812627","Pokemon","SV: White Flare","Swanna","","026/086","Uncommon","Near Mint","0.07","0.07","1.3200","0.0100","2","0","0.1500",""
"8812732","Pokemon","SV: White Flare","Swoobat","","037/086","Uncommon","Near Mint","0.08","0.05","1.3200","0.0100","6","0","0.1500",""
"8812737","Pokemon","SV: White Flare","Swoobat","","037/086","Uncommon","Near Mint Reverse Holofoil","0.19","0.16","1.3800","0.0700","1","0","0.1500",""
"8812512","Pokemon","SV: White Flare","Tepig","","011/086","Common","Near Mint","0.15","0.08","1.3200","0.0100","4","0","0.1500",""
"8813177","Pokemon","SV: White Flare","Tool Scrapper","","085/086","Uncommon","Near Mint","0.18","0.12","1.3200","0.0100","0","0","0.1500",""
"8813157","Pokemon","SV: White Flare","Tornadus","","078/086","Rare","Near Mint Holofoil","0.09","0.06","1.3200","0.0100","2","0","0.1500",""
"8812947","Pokemon","SV: White Flare","Trubbish","","059/086","Common","Near Mint","0.18","0.10","1.3200","0.0100","5","0","0.1500",""
"8812647","Pokemon","SV: White Flare","Vanillish","","028/086","Common","Near Mint","0.11","0.07","1.3200","0.0100","2","0","0.1500",""
"8812637","Pokemon","SV: White Flare","Vanillite","","027/086","Common","Near Mint","0.07","0.04","1.3200","0.0100","3","0","0.1500",""
"8812642","Pokemon","SV: White Flare","Vanillite","","027/086","Common","Near Mint Reverse Holofoil","0.15","0.10","1.3200","0.0100","1","0","0.1500",""
"8812657","Pokemon","SV: White Flare","Vanilluxe","","029/086","Uncommon","Near Mint","0.07","0.05","1.3200","0.0100","3","0","0.1500",""
"8815572","Pokemon","SV: White Flare","Vullaby","","063/086","Common","Near Mint","0.07","0.05","1.3200","0.0100","2","0","0.1500",""
"8813092","Pokemon","SV: White Flare","Watchog","","073/086","Uncommon","Near Mint","0.07","0.05","1.3200","0.0100","5","0","0.1500",""
"8813097","Pokemon","SV: White Flare","Watchog","","073/086","Uncommon","Near Mint Reverse Holofoil","0.18","","1.3800","0.0700","0","0","0.1500",""
"8812457","Pokemon","SV: White Flare","Whimsicott ex","","005/086","Double Rare","Near Mint Holofoil","0.48","0.48","1.4400","0.1300","0","0","0.1900",""
"8812722","Pokemon","SV: White Flare","Woobat","","036/086","Common","Near Mint","0.05","0.04","1.3200","0.0100","2","0","0.1500",""
"8812752","Pokemon","SV: White Flare","Yamask","","039/086","Common","Near Mint","0.05","0.04","1.3200","0.0100","6","0","0.1500",""
"8812682","Pokemon","SV: White Flare","Zebstrika","","032/086","Uncommon","Near Mint","0.13","0.07","1.3200","0.0100","1","0","0.1500",""
"8812687","Pokemon","SV: White Flare","Zebstrika","","032/086","Uncommon","Near Mint Reverse Holofoil","0.23","0.19","1.3600","0.0500","0","0","0.1500",""
"8812967","Pokemon","SV: White Flare","Zorua","","061/086","Common","Near Mint","0.09","0.04","1.3200","0.0100","5","0","0.1500",""
"8812997","Pokemon","SV: White Flare","Zweilous","","066/086","Common","Near Mint","0.07","0.05","1.3200","0.0100","3","0","0.1500",""
"8813002","Pokemon","SV: White Flare","Zweilous","","066/086","Common","Near Mint Reverse Holofoil","0.18","0.09","1.3300","0.0200","2","0","0.1500",""
"7025636","Pokemon","SV01: Scarlet & Violet Base Set","Arven - 166/198","","166/198","Uncommon","Near Mint","0.32","","1.3900","0.0800","0","0","0.1500",""
"7025651","Pokemon","SV01: Scarlet & Violet Base Set","Beach Court","","167/198","Uncommon","Near Mint Reverse Holofoil","0.16","0.17","1.3600","0.0500","0","0","0.1500",""
"7025365","Pokemon","SV01: Scarlet & Violet Base Set","Blissey","","145/198","Uncommon","Near Mint Reverse Holofoil","0.19","","1.3800","0.0700","0","0","0.1500",""
"7045051","Pokemon","SV01: Scarlet & Violet Base Set","Breloom","","004/198","Uncommon","Near Mint","0.07","0.04","1.3200","0.0100","1","0","0.1500",""
"7026641","Pokemon","SV01: Scarlet & Violet Base Set","Charcadet - 039/198","","039/198","Common","Near Mint Reverse Holofoil","0.18","","1.4300","0.1200","0","0","0.1500",""
"7026696","Pokemon","SV01: Scarlet & Violet Base Set","Clawitzer","","050/198","Common","Near Mint Reverse Holofoil","0.09","","1.3500","0.0400","1","0","0.1500",""
"7020405","Pokemon","SV01: Scarlet & Violet Base Set","Dedenne - 095/198","","095/198","Common","Near Mint Reverse Holofoil","0.21","","1.4600","0.1500","0","0","0.1500",""
"7045156","Pokemon","SV01: Scarlet & Violet Base Set","Energy Search","","172/198","Common","Near Mint Reverse Holofoil","0.22","0.13","1.3600","0.0500","0","0","0.1500",""
"7024952","Pokemon","SV01: Scarlet & Violet Base Set","Espathra","","103/198","Uncommon","Near Mint","0.08","0.05","1.3200","0.0100","0","0","0.1500",""
"7025576","Pokemon","SV01: Scarlet & Violet Base Set","Flamigo","","165/198","Uncommon","Near Mint","0.07","0.03","1.3200","0.0100","1","0","0.1500",""
"7026506","Pokemon","SV01: Scarlet & Violet Base Set","Floragato","","014/198","Uncommon","Near Mint Reverse Holofoil","0.23","","1.4700","0.1600","0","0","0.1600",""
"7026611","Pokemon","SV01: Scarlet & Violet Base Set","Growlithe - 030/198","","030/198","Common","Near Mint Reverse Holofoil","0.14","0.09","1.3600","0.0500","1","0","0.1500",""
"7024233","Pokemon","SV01: Scarlet & Violet Base Set","Heracross","","002/198","Uncommon","Near Mint","0.06","","1.3200","0.0100","2","0","0.1500",""
"7026046","Pokemon","SV01: Scarlet & Violet Base Set","Heracross","","002/198","Uncommon","Near Mint Reverse Holofoil","0.18","","1.4600","0.1500","0","0","0.1500",""
"7024762","Pokemon","SV01: Scarlet & Violet Base Set","Kilowattrel","","079/198","Uncommon","Near Mint","0.07","0.01","1.3200","0.0100","1","0","0.1500",""
"7026856","Pokemon","SV01: Scarlet & Violet Base Set","Kirlia - 085/198","","085/198","Common","Near Mint Reverse Holofoil","0.18","","1.3600","0.0500","1","0","0.1500",""
"7025133","Pokemon","SV01: Scarlet & Violet Base Set","Krookodile","","117/198","Uncommon","Near Mint","0.09","","1.3300","0.0200","0","0","0.1500",""
"7018631","Pokemon","SV01: Scarlet & Violet Base Set","Magnezone ex - 065/198","","065/198","Double Rare","Near Mint Holofoil","0.63","0.97","1.5600","0.2500","0","0","0.2500",""
"7026511","Pokemon","SV01: Scarlet & Violet Base Set","Meowscarada - 015/198","","015/198","Rare","Near Mint Reverse Holofoil","0.20","","1.3600","0.0500","1","0","0.1500",""
"7025506","Pokemon","SV01: Scarlet & Violet Base Set","Oinkologne","","157/198","Uncommon","Near Mint","0.09","0.05","1.3200","0.0100","1","0","0.1500",""
"7025836","Pokemon","SV01: Scarlet & Violet Base Set","Pokegear 3.0","","186/198","Common","Near Mint Reverse Holofoil","0.39","0.31","1.5100","0.2000","0","0","0.2500",""
"6909886","Pokemon","SV01: Scarlet & Violet Base Set","Professor's Research - 189/198","","189/198","Rare","Near Mint Holofoil","0.13","0.06","1.3200","0.0100","0","0","0.1500",""
"7026711","Pokemon","SV01: Scarlet & Violet Base Set","Quaquaval","","054/198","Rare","Near Mint Reverse Holofoil","0.21","0.18","1.4400","0.1300","0","0","0.1500",""
"7024802","Pokemon","SV01: Scarlet & Violet Base Set","Ralts - 084/198","","084/198","Common","Near Mint","0.08","0.05","1.3200","0.0100","1","0","0.1500",""
"6910160","Pokemon","SV01: Scarlet & Violet Base Set","Rock Chestplate","","192/198","Uncommon","Near Mint Reverse Holofoil","0.21","","1.4100","0.1000","0","0","0.1500",""
"7025113","Pokemon","SV01: Scarlet & Violet Base Set","Sandile - 115/198","","115/198","Common","Near Mint","0.08","0.01","1.3200","0.0100","1","0","0.1500",""
"7024268","Pokemon","SV01: Scarlet & Violet Base Set","Scatterbug","","008/198","Common","Near Mint","0.07","0.04","1.3200","0.0100","1","0","0.1500",""
"7026666","Pokemon","SV01: Scarlet & Violet Base Set","Slowbro","","043/198","Rare","Near Mint Reverse Holofoil","0.28","","1.4100","0.1000","0","0","0.1500",""
"7025561","Pokemon","SV01: Scarlet & Violet Base Set","Squawkabilly","","162/198","Common","Near Mint Reverse Holofoil","0.10","","1.3300","0.0200","1","0","0.1500",""
"7158868","Pokemon","SV02: Paldea Evolved","Artazon","","171/193","Uncommon","Near Mint","0.18","","1.3900","0.0800","0","0","0.1500",""
"7158963","Pokemon","SV02: Paldea Evolved","Super Rod - 188/193","","188/193","Common","Near Mint","0.30","0.29","1.4400","0.1300","0","0","0.1500",""
"7335935","Pokemon","SV03: Obsidian Flames","Team Star Grunt","","195/197","Uncommon","Near Mint Reverse Holofoil","0.26","0.21","1.4100","0.1000","0","0","0.1500",""
"7497383","Pokemon","SV04: Paradox Rift","Altaria ex - 253/182","","253/182","Special Illustration Rare","Near Mint Holofoil","40.84","45.85","41.9800","38.9900","0","0","37.9500",""
"7495517","Pokemon","SV04: Paradox Rift","Blitzle - 062/182","","062/182","Common","Near Mint","0.14","0.01","1.3200","0.0100","1","0","0.1500",""
"7494927","Pokemon","SV04: Paradox Rift","Bounsweet","","008/182","Common","Near Mint","0.08","0.05","1.3200","0.0100","1","0","0.1500",""
"7495182","Pokemon","SV04: Paradox Rift","Chi-Yu","","029/182","Rare","Near Mint Holofoil","0.14","","1.3900","0.0800","0","0","0.1500",""
"7495127","Pokemon","SV04: Paradox Rift","Crocalor","","024/182","Uncommon","Near Mint","0.08","","1.3200","0.0100","2","0","0.1500",""
"7496783","Pokemon","SV04: Paradox Rift","Cursed Duster","","161/182","Uncommon","Near Mint","0.08","0.04","1.3200","0.0100","1","0","0.1500",""
"7496513","Pokemon","SV04: Paradox Rift","Doublade - 133/182","","133/182","Common","Near Mint Reverse Holofoil","0.13","0.06","1.3500","0.0400","1","0","0.1500",""
"7496468","Pokemon","SV04: Paradox Rift","Durant","","129/182","Uncommon","Near Mint","0.07","0.01","1.3200","0.0100","0","0","0.1500",""
"7495242","Pokemon","SV04: Paradox Rift","Feebas","","035/182","Common","Near Mint","0.11","0.05","1.3200","0.0100","1","0","0.1500",""
"7495923","Pokemon","SV04: Paradox Rift","Flittle - 079/182","","079/182","Common","Near Mint Reverse Holofoil","0.12","0.05","1.3500","0.0400","1","0","0.1500",""
"7496173","Pokemon","SV04: Paradox Rift","Naclstack","","103/182","Common","Near Mint","0.08","0.02","1.3200","0.0100","1","0","0.1500",""
"7495232","Pokemon","SV04: Paradox Rift","Octillery","","034/182","Common","Near Mint","0.14","","1.3200","0.0100","1","0","0.1500",""
"7495297","Pokemon","SV04: Paradox Rift","Panpour","","041/182","Common","Near Mint","0.10","0.05","1.3200","0.0100","1","0","0.1500",""
"7496863","Pokemon","SV04: Paradox Rift","Parasol Lady","","169/182","Common","Near Mint","0.11","0.04","1.3200","0.0100","1","0","0.1500",""
"7495497","Pokemon","SV04: Paradox Rift","Plusle - 060/182","","060/182","Common","Near Mint","0.12","0.05","1.3200","0.0100","1","0","0.1500",""
"7496698","Pokemon","SV04: Paradox Rift","Swablu - 152/182","","152/182","Common","Near Mint","0.08","","1.3200","0.0100","1","0","0.1500",""
"7496963","Pokemon","SV04: Paradox Rift","Technical Machine: Turbo Energize","","179/182","Uncommon","Near Mint","0.15","","1.3500","0.0400","0","0","0.1500",""
"7495673","Pokemon","SV04: Paradox Rift","Toxel","","069/182","Common","Near Mint","0.11","0.01","1.3200","0.0100","1","0","0.1500",""
"7496983","Pokemon","SV04: Paradox Rift","Tulip","","181/182","Uncommon","Near Mint","0.26","0.10","1.3200","0.0100","0","0","0.1500",""
"7495427","Pokemon","SV04: Paradox Rift","Veluza - 054/182","","054/182","Uncommon","Near Mint","0.07","","1.3200","0.0100","2","0","0.1500",""
"7495417","Pokemon","SV04: Paradox Rift","Wugtrio","","053/182","Uncommon","Near Mint","0.10","","1.3200","0.0100","1","0","0.1500",""
"7805483","Pokemon","SV05: Temporal Forces","Ancient Booster Energy Capsule","","140/162","Uncommon","Near Mint","0.12","0.05","1.3200","0.0100","0","0","0.1500",""
"7806743","Pokemon","SV05: Temporal Forces","Beheeyem","","074/162","Uncommon","Near Mint","0.08","0.07","1.3200","0.0100","0","0","0.1500",""
"7807113","Pokemon","SV05: Temporal Forces","Beldum","","113/162","Common","Near Mint Reverse Holofoil","0.18","","1.3700","0.0600","1","0","0.1500",""
"7805533","Pokemon","SV05: Temporal Forces","Bianca's Devotion - 142/162","","142/162","Uncommon","Near Mint","0.10","0.05","1.3200","0.0100","0","0","0.1500",""
"7805543","Pokemon","SV05: Temporal Forces","Boxed Order","","143/162","Uncommon","Near Mint","0.09","0.05","1.3200","0.0100","1","0","0.1500",""
"7805548","Pokemon","SV05: Temporal Forces","Boxed Order","","143/162","Uncommon","Near Mint Reverse Holofoil","0.20","0.13","1.4000","0.0900","0","0","0.1500",""
"7806243","Pokemon","SV05: Temporal Forces","Brambleghast","","021/162","Rare","Near Mint Holofoil","0.08","0.05","1.3200","0.0100","0","0","0.1500",""
"7805778","Pokemon","SV05: Temporal Forces","Bramblin","","020/162","Common","Near Mint","0.07","0.04","1.3200","0.0100","1","0","0.1500",""
"7805508","Pokemon","SV05: Temporal Forces","Breloom","","007/162","Common","Near Mint Reverse Holofoil","0.16","0.10","1.3200","0.0100","0","0","0.1500",""
"7806683","Pokemon","SV05: Temporal Forces","Bronzor - 068/162","","068/162","Common","Near Mint","0.03","0.02","1.3200","0.0100","0","0","0.1500",""
"7805568","Pokemon","SV05: Temporal Forces","Buddy-Buddy Poffin","","144/162","Uncommon","Near Mint","0.21","0.07","1.3200","0.0100","0","0","0.1500",""
"7806433","Pokemon","SV05: Temporal Forces","Carvanha","","042/162","Common","Near Mint","0.06","0.01","1.3200","0.0100","3","0","0.1500",""
"7806558","Pokemon","SV05: Temporal Forces","Charjabug - 055/162","","055/162","Common","Near Mint","0.11","0.07","1.3200","0.0100","0","0","0.1500",""
"7807283","Pokemon","SV05: Temporal Forces","Chatot - 132/162","","132/162","Common","Near Mint","0.06","0.01","1.3200","0.0100","1","0","0.1500",""
"7807333","Pokemon","SV05: Temporal Forces","Cinccino - 137/162","","137/162","Uncommon","Near Mint","0.09","0.08","1.3200","0.0100","1","0","0.1500",""
"7805578","Pokemon","SV05: Temporal Forces","Ciphermaniac's Codebreaking - 145/162","","145/162","Uncommon","Near Mint","0.14","0.05","1.3200","0.0100","0","0","0.1500",""
"7806948","Pokemon","SV05: Temporal Forces","Coalossal","","095/162","Uncommon","Near Mint","0.07","0.07","1.3200","0.0100","1","0","0.1500",""
"7805688","Pokemon","SV05: Temporal Forces","Cottonee","","014/162","Common","Near Mint","0.07","0.01","1.3200","0.0100","0","0","0.1500",""
"7805758","Pokemon","SV05: Temporal Forces","Deerling - 016/162","","016/162","Common","Near Mint","0.10","0.07","1.3200","0.0100","1","0","0.1500",""
"7807273","Pokemon","SV05: Temporal Forces","Delcatty","","131/162","Uncommon","Near Mint","0.15","0.09","1.3200","0.0100","0","0","0.1500",""
"7807278","Pokemon","SV05: Temporal Forces","Delcatty","","131/162","Uncommon","Near Mint Reverse Holofoil","0.27","0.27","1.4100","0.1000","0","0","0.1500",""
"7806233","Pokemon","SV05: Temporal Forces","Dhelmise","","019/162","Uncommon","Near Mint","0.11","0.05","1.3200","0.0100","0","0","0.1500",""
"7806238","Pokemon","SV05: Temporal Forces","Dhelmise","","019/162","Uncommon","Near Mint Reverse Holofoil","0.15","0.10","1.3300","0.0200","1","0","0.1500",""
"7807343","Pokemon","SV05: Temporal Forces","Drampa - 138/162","","138/162","Rare","Near Mint Holofoil","0.15","0.05","1.3200","0.0100","0","0","0.1500",""
"7806848","Pokemon","SV05: Temporal Forces","Drilbur","","085/162","Common","Near Mint","0.11","0.05","1.3300","0.0200","0","0","0.1500",""
"7807253","Pokemon","SV05: Temporal Forces","Dudunsparce","","129/162","Rare","Near Mint Holofoil","0.29","0.18","1.4100","0.1000","0","0","0.1500",""
"7806713","Pokemon","SV05: Temporal Forces","Duosion","","071/162","Common","Near Mint","0.11","0.08","1.3200","0.0100","0","0","0.1500",""
"7806993","Pokemon","SV05: Temporal Forces","Ekans","","100/162","Common","Near Mint","0.06","0.03","1.3200","0.0100","2","0","0.1500",""
"7806538","Pokemon","SV05: Temporal Forces","Electabuzz","","053/162","Common","Near Mint","0.06","0.04","1.3200","0.0100","1","0","0.1500",""
"7806543","Pokemon","SV05: Temporal Forces","Electabuzz","","053/162","Common","Near Mint Reverse Holofoil","0.14","0.10","1.3600","0.0500","0","0","0.1500",""
"7806548","Pokemon","SV05: Temporal Forces","Electivire","","054/162","Uncommon","Near Mint","0.07","0.07","1.3200","0.0100","0","0","0.1500",""
"7805588","Pokemon","SV05: Temporal Forces","Eri - 146/162","","146/162","Uncommon","Near Mint","0.15","0.08","1.3200","0.0100","0","0","0.1500",""
"7805598","Pokemon","SV05: Temporal Forces","Explorer's Guidance - 147/162","","147/162","Uncommon","Near Mint","0.12","0.05","1.3200","0.0100","1","0","0.1500",""
"7806493","Pokemon","SV05: Temporal Forces","Finizen","","048/162","Common","Near Mint","0.11","0.07","1.3200","0.0100","0","0","0.1500",""
"7806498","Pokemon","SV05: Temporal Forces","Finizen","","048/162","Common","Near Mint Reverse Holofoil","0.17","0.10","1.3600","0.0500","1","0","0.1500",""
"7805613","Pokemon","SV05: Temporal Forces","Full Metal Lab","","148/162","Uncommon","Near Mint Reverse Holofoil","0.29","0.25","1.4000","0.0900","0","0","0.1500",""
"7805618","Pokemon","SV05: Temporal Forces","Future Booster Energy Capsule","","149/162","Uncommon","Near Mint","0.04","0.03","1.3200","0.0100","0","0","0.1500",""
"7807013","Pokemon","SV05: Temporal Forces","Gastly - 102/162","","102/162","Common","Near Mint","0.12","0.03","1.3200","0.0100","1","0","0.1500",""
"7806663","Pokemon","SV05: Temporal Forces","Girafarig","","066/162","Common","Near Mint","0.07","0.07","1.3200","0.0100","0","0","0.1500",""
"7806958","Pokemon","SV05: Temporal Forces","Great Tusk - 096/162","","096/162","Uncommon","Near Mint","0.09","0.05","1.3200","0.0100","0","0","0.1500",""
"7806963","Pokemon","SV05: Temporal Forces","Great Tusk - 096/162","","096/162","Uncommon","Near Mint Reverse Holofoil","0.22","0.21","1.4100","0.1000","0","0","0.1500",""
"7806968","Pokemon","SV05: Temporal Forces","Great Tusk - 097/162","","097/162","Uncommon","Near Mint","0.11","0.04","1.3200","0.0100","0","0","0.1500",""
"7806228","Pokemon","SV05: Temporal Forces","Grubbin","","018/162","Common","Near Mint Reverse Holofoil","0.14","0.10","1.3500","0.0400","0","0","0.1500",""
"7805633","Pokemon","SV05: Temporal Forces","Hand Trimmer","","150/162","Uncommon","Near Mint","0.07","0.05","1.3200","0.0100","0","0","0.1500",""
"7807023","Pokemon","SV05: Temporal Forces","Haunter","","103/162","Common","Near Mint","0.16","0.10","1.3700","0.0600","0","0","0.1500",""
"7805643","Pokemon","SV05: Temporal Forces","Heavy Baton","","151/162","Uncommon","Near Mint","0.11","0.08","1.3200","0.0100","0","0","0.1500",""
"7806618","Pokemon","SV05: Temporal Forces","Iron Hands","","061/162","Uncommon","Near Mint Reverse Holofoil","0.17","0.09","1.3900","0.0800","0","0","0.1500",""
"7806278","Pokemon","SV05: Temporal Forces","Iron Leaves ex - 025/162","","025/162","Double Rare","Near Mint Holofoil","0.70","0.82","1.7600","0.4500","0","0","0.4500",""
"7806623","Pokemon","SV05: Temporal Forces","Iron Thorns","","062/162","Rare","Near Mint Holofoil","0.20","0.05","1.3200","0.0100","0","0","0.1500",""
"7807158","Pokemon","SV05: Temporal Forces","Iron Treads","","118/162","Uncommon","Near Mint","0.11","","1.3200","0.0100","0","0","0.1500",""
"7807163","Pokemon","SV05: Temporal Forces","Iron Treads","","118/162","Uncommon","Near Mint Reverse Holofoil","0.22","0.22","1.4100","0.1000","0","0","0.1500",""
"7806798","Pokemon","SV05: Temporal Forces","Iron Valiant - 079/162","","079/162","Uncommon","Near Mint Reverse Holofoil","0.20","0.12","1.3500","0.0400","0","0","0.1500",""
"7806803","Pokemon","SV05: Temporal Forces","Iron Valiant - 080/162","","080/162","Rare","Near Mint Holofoil","0.16","0.05","1.3200","0.0100","0","0","0.1500",""
"7806453","Pokemon","SV05: Temporal Forces","Keldeo","","044/162","Uncommon","Near Mint","0.10","0.04","1.3200","0.0100","0","0","0.1500",""
"7807178","Pokemon","SV05: Temporal Forces","Koraidon ex","","120/162","Double Rare","Near Mint Holofoil","0.68","1.00","1.8000","0.4900","0","0","0.3000",""
"7806673","Pokemon","SV05: Temporal Forces","Latias","","067/162","Uncommon","Near Mint","0.09","0.05","1.3200","0.0100","0","0","0.1500",""
"7807218","Pokemon","SV05: Temporal Forces","Lickilicky","","125/162","Common","Near Mint Reverse Holofoil","0.21","0.10","1.3600","0.0500","0","0","0.1500",""
"7807203","Pokemon","SV05: Temporal Forces","Lickitung - 124/162","","124/162","Common","Near Mint","0.12","0.04","1.3200","0.0100","0","0","0.1500",""
"7806643","Pokemon","SV05: Temporal Forces","Marill","","064/162","Common","Near Mint","0.08","0.03","1.3200","0.0100","0","0","0.1500",""
"7807098","Pokemon","SV05: Temporal Forces","Mawile","","112/162","Common","Near Mint","0.08","0.04","1.3200","0.0100","2","0","0.1500",""
"7806818","Pokemon","SV05: Temporal Forces","Meditite","","082/162","Common","Near Mint","0.04","0.01","1.3200","0.0100","0","0","0.1500",""
"7807048","Pokemon","SV05: Temporal Forces","Mightyena","","106/162","Common","Near Mint","0.10","","1.3300","0.0200","0","0","0.1500",""
"7807183","Pokemon","SV05: Temporal Forces","Miraidon","","121/162","Rare","Near Mint Holofoil","0.15","0.10","1.3200","0.0100","0","0","0.1500",""
"7805788","Pokemon","SV05: Temporal Forces","Mist Energy","","161/162","Uncommon","Near Mint","0.36","","1.5600","0.2500","0","0","0.2400",""
"7806638","Pokemon","SV05: Temporal Forces","Mr. Mime","","063/162","Common","Near Mint Reverse Holofoil","0.14","0.13","1.3300","0.0200","0","0","0.1500",""
"7806908","Pokemon","SV05: Temporal Forces","Mudbray","","091/162","Common","Near Mint","0.08","0.04","1.3200","0.0100","0","0","0.1500",""
"7805698","Pokemon","SV05: Temporal Forces","Perilous Jungle","","156/162","Uncommon","Near Mint","0.11","0.09","1.3200","0.0100","0","0","0.1500",""
"7807293","Pokemon","SV05: Temporal Forces","Pidove","","133/162","Common","Near Mint","0.09","0.04","1.3200","0.0100","2","0","0.1500",""
"7806518","Pokemon","SV05: Temporal Forces","Pikachu","","051/162","Common","Near Mint","0.23","0.10","1.3200","0.0100","0","0","0.1500",""
"7805443","Pokemon","SV05: Temporal Forces","Pineco","","002/162","Common","Near Mint","0.06","0.01","1.3200","0.0100","1","0","0.1500",""
"7806283","Pokemon","SV05: Temporal Forces","Ponyta","","026/162","Common","Near Mint","0.09","0.04","1.3200","0.0100","1","0","0.1500",""
"7807038","Pokemon","SV05: Temporal Forces","Poochyena","","105/162","Common","Near Mint","0.11","0.04","1.3200","0.0100","0","0","0.1500",""
"7807043","Pokemon","SV05: Temporal Forces","Poochyena","","105/162","Common","Near Mint Reverse Holofoil","0.19","0.14","1.3500","0.0400","0","0","0.1500",""
"7806268","Pokemon","SV05: Temporal Forces","Rabsca","","024/162","Uncommon","Near Mint","0.13","0.10","1.3200","0.0100","0","0","0.1500",""
"7805728","Pokemon","SV05: Temporal Forces","Reboot Pod","","158/162","ACE SPEC Rare","Near Mint Holofoil","0.33","0.36","1.3900","0.0800","0","0","0.1500",""
"7806838","Pokemon","SV05: Temporal Forces","Relicanth - 084/162","","084/162","Rare","Near Mint Holofoil","0.15","0.13","1.3600","0.0500","0","0","0.1500",""
"7806258","Pokemon","SV05: Temporal Forces","Rellor","","023/162","Common","Near Mint","0.06","0.02","1.3200","0.0100","1","0","0.1500",""
"7805748","Pokemon","SV05: Temporal Forces","Rescue Board","","159/162","Uncommon","Near Mint","0.10","0.05","1.3200","0.0100","0","0","0.1500",""
"7806723","Pokemon","SV05: Temporal Forces","Reuniclus - 072/162","","072/162","Uncommon","Near Mint","0.12","0.07","1.3200","0.0100","0","0","0.1500",""
"7807073","Pokemon","SV05: Temporal Forces","Roaring Moon","","109/162","Rare","Near Mint Holofoil","0.16","0.10","1.3200","0.0100","0","0","0.1500",""
"7806893","Pokemon","SV05: Temporal Forces","Rockruff","","089/162","Common","Near Mint Reverse Holofoil","0.14","0.10","1.3500","0.0400","0","0","0.1500",""
"7805523","Pokemon","SV05: Temporal Forces","Roselia","","008/162","Common","Near Mint","0.11","0.07","1.3200","0.0100","0","0","0.1500",""
"7807058","Pokemon","SV05: Temporal Forces","Sableye","","107/162","Uncommon","Near Mint","0.08","0.03","1.3200","0.0100","1","0","0.1500",""
"7805768","Pokemon","SV05: Temporal Forces","Salvatore - 160/162","","160/162","Uncommon","Near Mint","0.09","","1.3200","0.0100","0","0","0.1500",""
"7806213","Pokemon","SV05: Temporal Forces","Sawsbuck - 017/162","","017/162","Uncommon","Near Mint","0.12","0.07","1.3200","0.0100","0","0","0.1500",""
"7806218","Pokemon","SV05: Temporal Forces","Sawsbuck - 017/162","","017/162","Uncommon","Near Mint Reverse Holofoil","0.17","0.13","1.3300","0.0200","0","0","0.1500",""
"7806773","Pokemon","SV05: Temporal Forces","Scream Tail","","077/162","Uncommon","Near Mint","0.09","0.05","1.3200","0.0100","0","0","0.1500",""
"7805453","Pokemon","SV05: Temporal Forces","Seedot","","003/162","Common","Near Mint","0.10","0.05","1.3200","0.0100","0","0","0.1500",""
"7806303","Pokemon","SV05: Temporal Forces","Slugma","","028/162","Common","Near Mint","0.10","0.03","1.3200","0.0100","0","0","0.1500",""
"7806403","Pokemon","SV05: Temporal Forces","Totodile","","039/162","Common","Near Mint","0.24","0.10","1.3700","0.0600","0","0","0.1500",""
"7806193","Pokemon","SV05: Temporal Forces","Turtwig","","010/162","Common","Near Mint","0.10","0.06","1.3300","0.0200","1","0","0.1500",""
"7806328","Pokemon","SV05: Temporal Forces","Victini","","030/162","Common","Near Mint Reverse Holofoil","0.23","0.10","1.3700","0.0600","0","0","0.1500",""
"7911531","Pokemon","SV06: Twilight Masquerade","Boomerang Energy","","166/167","Uncommon","Near Mint","0.11","0.08","1.3200","0.0100","1","0","0.1500",""
"7910331","Pokemon","SV06: Twilight Masquerade","Chandelure","","038/167","Rare","Near Mint Holofoil","0.11","0.06","1.3200","0.0100","0","0","0.1500",""
"7910341","Pokemon","SV06: Twilight Masquerade","Chi-Yu","","039/167","Uncommon","Near Mint","0.16","0.07","1.3200","0.0100","0","0","0.1500",""
"7910706","Pokemon","SV06: Twilight Masquerade","Clefairy","","078/167","Common","Near Mint","0.11","0.07","1.3200","0.0100","1","0","0.1500",""
"7911356","Pokemon","SV06: Twilight Masquerade","Community Center","","146/167","Uncommon","Near Mint","0.05","0.02","1.3200","0.0100","0","0","0.1500",""
"7911361","Pokemon","SV06: Twilight Masquerade","Community Center","","146/167","Uncommon","Near Mint Reverse Holofoil","0.20","0.16","1.3500","0.0400","0","0","0.1500",""
"7910146","Pokemon","SV06: Twilight Masquerade","Dipplin - 018/167","","018/167","Uncommon","Near Mint","0.09","0.06","1.3200","0.0100","1","0","0.1500",""
"7911181","Pokemon","SV06: Twilight Masquerade","Dipplin - 127/167","","127/167","Uncommon","Near Mint","0.08","0.03","1.3200","0.0100","1","0","0.1500",""
"7911406","Pokemon","SV06: Twilight Masquerade","Hassel - 151/167","","151/167","Uncommon","Near Mint","0.12","0.03","1.3200","0.0100","0","0","0.1500",""
"7910986","Pokemon","SV06: Twilight Masquerade","Hawlucha","","107/167","Common","Near Mint","0.10","0.07","1.3200","0.0100","1","0","0.1500",""
"7910911","Pokemon","SV06: Twilight Masquerade","Hisuian Growlithe - 099/167","","099/167","Common","Near Mint","0.10","0.05","1.3200","0.0100","0","0","0.1500",""
"7911421","Pokemon","SV06: Twilight Masquerade","Jamming Tower","","153/167","Uncommon","Near Mint","0.16","","1.3200","0.0100","0","0","0.1500",""
"7911426","Pokemon","SV06: Twilight Masquerade","Jamming Tower","","153/167","Uncommon","Near Mint Reverse Holofoil","0.45","0.31","1.5100","0.2000","0","0","0.1500",""
"7911051","Pokemon","SV06: Twilight Masquerade","Mightyena","","114/167","Uncommon","Near Mint","0.10","0.06","1.3200","0.0100","0","0","0.1500",""
"7911671","Pokemon","SV06: Twilight Masquerade","Palafin ex - 193/167","","193/167","Ultra Rare","Near Mint Holofoil","1.59","3.99","2.0300","0.7200","0","0","0.7200",""
"7910356","Pokemon","SV06: Twilight Masquerade","Poliwag","","041/167","Common","Near Mint","0.14","0.02","1.3200","0.0100","0","0","0.1500",""
"7910176","Pokemon","SV06: Twilight Masquerade","Poltchageist - 021/167","","021/167","Common","Near Mint","0.13","0.10","1.3200","0.0100","0","0","0.1500",""
"7911501","Pokemon","SV06: Twilight Masquerade","Raifort","","161/167","Uncommon","Near Mint","0.09","0.04","1.3200","0.0100","2","0","0.1500",""
"7910596","Pokemon","SV06: Twilight Masquerade","Shinx","","066/167","Common","Near Mint","0.11","0.05","1.3200","0.0100","1","0","0.1500",""
"7911101","Pokemon","SV06: Twilight Masquerade","Skarmory","","119/167","Common","Near Mint","0.07","0.05","1.3200","0.0100","0","0","0.1500",""
"7910211","Pokemon","SV06: Twilight Masquerade","Teal Mask Ogerpon ex - 025/167","","025/167","Double Rare","Near Mint Holofoil","2.49","3.98","2.2800","0.9700","0","0","0.9900",""
"7911151","Pokemon","SV06: Twilight Masquerade","Varoom","","124/167","Common","Near Mint","0.04","0.03","1.3200","0.0100","0","0","0.1500",""
"8120229","Pokemon","SV07: Stellar Crown","Alcremie","","065/142","Rare","Near Mint Holofoil","0.15","0.05","1.3600","0.0500","0","0","0.1500",""
"8119729","Pokemon","SV07: Stellar Crown","Applin","","012/142","Common","Near Mint","0.07","0.04","1.3200","0.0100","1","0","0.1500",""
"8120739","Pokemon","SV07: Stellar Crown","Bouffalant","","119/142","Rare","Near Mint Holofoil","0.18","0.12","1.3500","0.0400","0","0","0.1500",""
"8121204","Pokemon","SV07: Stellar Crown","Bulbasaur","","143/142","Illustration Rare","Near Mint Holofoil","68.34","80.24","65.9100","60.9200","0","0","64.4000",""
"8119969","Pokemon","SV07: Stellar Crown","Carracosta","","038/142","Rare","Near Mint Holofoil","0.08","0.07","1.3200","0.0100","0","0","0.1500",""
"8119649","Pokemon","SV07: Stellar Crown","Celebi","","004/142","Uncommon","Near Mint","0.11","0.10","1.3200","0.0100","1","0","0.1500",""
"8120099","Pokemon","SV07: Stellar Crown","Charjabug","","052/142","Common","Near Mint","0.04","0.03","1.3200","0.0100","1","0","0.1500",""
"8120014","Pokemon","SV07: Stellar Crown","Chewtle","","043/142","Common","Near Mint","0.13","0.10","1.3200","0.0100","0","0","0.1500",""
"8120209","Pokemon","SV07: Stellar Crown","Comfey","","063/142","Common","Near Mint","0.07","0.05","1.3200","0.0100","0","0","0.1500",""
"8120434","Pokemon","SV07: Stellar Crown","Crabrawler","","087/142","Common","Near Mint","0.06","0.04","1.3200","0.0100","0","0","0.1500",""
"8120869","Pokemon","SV07: Stellar Crown","Dubwool","","125/142","Uncommon","Near Mint","0.06","0.04","1.3200","0.0100","0","0","0.1500",""
"8120059","Pokemon","SV07: Stellar Crown","Electivire","","047/142","Uncommon","Near Mint Reverse Holofoil","0.20","0.14","1.3800","0.0700","1","0","0.1500",""
"8120269","Pokemon","SV07: Stellar Crown","Espathra","","069/142","Common","Near Mint Reverse Holofoil","0.26","0.25","1.5100","0.2000","0","0","0.2000",""
"8119939","Pokemon","SV07: Stellar Crown","Finneon","","035/142","Common","Near Mint","0.06","0.05","1.3200","0.0100","0","0","0.1500",""
"8120764","Pokemon","SV07: Stellar Crown","Fletchling","","121/142","Common","Near Mint","0.08","0.05","1.3200","0.0100","0","0","0.1500",""
"8121054","Pokemon","SV07: Stellar Crown","Glass Trumpet","","135/142","Uncommon","Near Mint","0.08","0.05","1.3200","0.0100","1","0","0.1500",""
"8121089","Pokemon","SV07: Stellar Crown","Gravity Gemstone","","137/142","Uncommon","Near Mint","0.05","0.02","1.3200","0.0100","1","0","0.1500",""
"8120274","Pokemon","SV07: Stellar Crown","Greavard","","070/142","Common","Near Mint","0.08","0.05","1.3200","0.0100","2","0","0.1500",""
"8119699","Pokemon","SV07: Stellar Crown","Grubbin","","009/142","Common","Near Mint","0.06","0.05","1.3200","0.0100","2","0","0.1500",""
"8120689","Pokemon","SV07: Stellar Crown","Hoothoot","","114/142","Common","Near Mint","0.33","0.28","1.4900","0.1800","0","0","0.2400",""
"8121474","Pokemon","SV07: Stellar Crown","Hydrapple ex - 167/142","","167/142","Special Illustration Rare","Near Mint Holofoil","20.94","29.98","20.1900","18.7000","0","0","19.0000",""
"8120084","Pokemon","SV07: Stellar Crown","Joltik - 050/142","","050/142","Common","Near Mint","0.19","0.10","1.3500","0.0400","0","0","0.1500",""
"8121114","Pokemon","SV07: Stellar Crown","Kofu - 138/142","","138/142","Uncommon","Near Mint","0.09","0.08","1.3200","0.0100","2","0","0.1500",""
"8120894","Pokemon","SV07: Stellar Crown","Lechonk","","126/142","Common","Near Mint","0.08","0.04","1.3200","0.0100","1","0","0.1500",""
"8119639","Pokemon","SV07: Stellar Crown","Ledian - 003/142","","003/142","Rare","Near Mint Holofoil","0.10","0.10","1.3200","0.0100","0","0","0.1500",""
"8119659","Pokemon","SV07: Stellar Crown","Lileep - 005/142","","005/142","Common","Near Mint","0.07","0.03","1.3200","0.0100","0","0","0.1500",""
"8120304","Pokemon","SV07: Stellar Crown","Marowak","","073/142","Uncommon","Near Mint","0.08","0.04","1.3200","0.0100","2","0","0.1500",""
"8120599","Pokemon","SV07: Stellar Crown","Melmetal","","104/142","Rare","Near Mint Holofoil","0.08","0.05","1.3200","0.0100","0","0","0.1500",""
"8120169","Pokemon","SV07: Stellar Crown","Mewtwo","","059/142","Uncommon","Near Mint","0.24","0.16","1.3200","0.0100","0","0","0.1500",""
"8120404","Pokemon","SV07: Stellar Crown","Mienshao","","084/142","Uncommon","Near Mint","0.07","0.05","1.3200","0.0100","1","0","0.1500",""
"8121154","Pokemon","SV07: Stellar Crown","Occa Berry","","140/142","Uncommon","Near Mint Reverse Holofoil","0.11","0.12","1.3300","0.0200","1","0","0.1500",""
"8120489","Pokemon","SV07: Stellar Crown","Pangoro","","093/142","Uncommon","Near Mint","0.08","0.03","1.3200","0.0100","1","0","0.1500",""
"8120139","Pokemon","SV07: Stellar Crown","Pawmi","","056/142","Common","Near Mint","0.07","0.05","1.3200","0.0100","1","0","0.1500",""
"8119844","Pokemon","SV07: Stellar Crown","Salazzle","","024/142","Uncommon","Near Mint","0.05","0.05","1.3200","0.0100","1","0","0.1500",""
"8121259","Pokemon","SV07: Stellar Crown","Squirtle","","148/142","Illustration Rare","Near Mint Holofoil","73.72","90.34","76.5000","75.0000","0","0","73.4800",""
"8120479","Pokemon","SV07: Stellar Crown","Swalot","","092/142","Uncommon","Near Mint","0.17","0.11","1.3200","0.0100","1","0","0.1500",""
"8120669","Pokemon","SV07: Stellar Crown","Tauros","","112/142","Common","Near Mint","0.10","0.02","1.3200","0.0100","1","0","0.1500",""
"8119779","Pokemon","SV07: Stellar Crown","Toedscool","","017/142","Common","Near Mint Reverse Holofoil","0.14","0.13","1.3600","0.0500","0","0","0.1500",""
"8119784","Pokemon","SV07: Stellar Crown","Toedscruel","","018/142","Uncommon","Near Mint","0.05","0.02","1.3200","0.0100","1","0","0.1500",""
"8120119","Pokemon","SV07: Stellar Crown","Togedemaru","","054/142","Uncommon","Near Mint","0.05","0.04","1.3200","0.0100","1","0","0.1500",""
"8120749","Pokemon","SV07: Stellar Crown","Tornadus","","120/142","Uncommon","Near Mint","0.05","0.05","1.3200","0.0100","0","0","0.1500",""
"8120754","Pokemon","SV07: Stellar Crown","Tornadus","","120/142","Uncommon","Near Mint Reverse Holofoil","0.11","0.10","1.3600","0.0500","1","0","0.1500",""
"8120034","Pokemon","SV07: Stellar Crown","Veluza","","045/142","Uncommon","Near Mint","0.06","0.05","1.3200","0.0100","1","0","0.1500",""
"8120829","Pokemon","SV07: Stellar Crown","Wooloo","","124/142","Common","Near Mint","0.08","0.05","1.3200","0.0100","0","0","0.1500",""
"8297727","Pokemon","SV08: Surging Sparks","Alolan Diglett","","122/191","Common","Near Mint","0.09","0.02","1.3200","0.0100","7","0","0.1500",""
"8297737","Pokemon","SV08: Surging Sparks","Alolan Dugtrio - 123/191","","123/191","Uncommon","Near Mint","0.11","0.05","1.3200","0.0100","1","0","0.1500",""
"8297747","Pokemon","SV08: Surging Sparks","Alolan Dugtrio - 208/191","","208/191","Illustration Rare","Near Mint Holofoil","5.72","8.36","4.8100","3.5000","0","0","3.8200",""
"8297767","Pokemon","SV08: Surging Sparks","Altaria","","134/191","Uncommon","Near Mint","0.12","0.07","1.3200","0.0100","5","0","0.1500",""
"8297772","Pokemon","SV08: Surging Sparks","Altaria","","134/191","Uncommon","Near Mint Reverse Holofoil","0.23","0.18","1.3500","0.0400","1","0","0.1500",""
"8297777","Pokemon","SV08: Surging Sparks","Amulet of Hope","","162/191","ACE SPEC Rare","Near Mint Holofoil","0.41","0.37","1.3900","0.0800","0","0","0.1500",""
"8297782","Pokemon","SV08: Surging Sparks","Annihilape","","100/191","Uncommon","Near Mint","0.15","0.08","1.3200","0.0100","3","0","0.1500",""
"8297792","Pokemon","SV08: Surging Sparks","Appletun - 140/191","","140/191","Uncommon","Near Mint","0.12","0.06","1.3200","0.0100","1","0","0.1500",""
"8297797","Pokemon","SV08: Surging Sparks","Appletun - 140/191","","140/191","Uncommon","Near Mint Reverse Holofoil","0.35","0.27","1.3400","0.0300","0","0","0.1500",""
"8297807","Pokemon","SV08: Surging Sparks","Applin","","138/191","Common","Near Mint","0.10","0.05","1.3200","0.0100","1","0","0.1500",""
"8297812","Pokemon","SV08: Surging Sparks","Applin","","138/191","Common","Near Mint Reverse Holofoil","0.15","0.10","1.3200","0.0100","1","0","0.1500",""
"8297832","Pokemon","SV08: Surging Sparks","Armarouge","","034/191","Uncommon","Near Mint","0.09","0.06","1.3200","0.0100","6","0","0.1500",""
"8297842","Pokemon","SV08: Surging Sparks","Azelf","","080/191","Common","Near Mint","0.13","0.07","1.3200","0.0100","0","0","0.1500",""
"8297852","Pokemon","SV08: Surging Sparks","Azumarill","","074/191","Uncommon","Near Mint","0.09","0.10","1.3200","0.0100","1","0","0.1500",""
"8297862","Pokemon","SV08: Surging Sparks","Babiri Berry","","163/191","Uncommon","Near Mint","0.05","0.04","1.3200","0.0100","2","0","0.1500",""
"8297872","Pokemon","SV08: Surging Sparks","Black Kyurem ex - 048/191","","048/191","Double Rare","Near Mint Holofoil","0.63","0.99","1.7100","0.2200","0","0","0.2500",""
"8297882","Pokemon","SV08: Surging Sparks","Blitzle","","062/191","Common","Near Mint","0.07","0.03","1.3200","0.0100","8","0","0.1500",""
"8297892","Pokemon","SV08: Surging Sparks","Bouffalant","","151/191","Common","Near Mint","0.13","0.05","1.3200","0.0100","2","0","0.1500",""
"8297902","Pokemon","SV08: Surging Sparks","Braviary - 153/191","","153/191","Uncommon","Near Mint","0.06","0.04","1.3200","0.0100","2","0","0.1500",""
"8297912","Pokemon","SV08: Surging Sparks","Braviary - 214/191","","214/191","Illustration Rare","Near Mint Holofoil","4.00","5.00","4.3000","2.9900","0","0","2.9700",""
"8297922","Pokemon","SV08: Surging Sparks","Bronzong","","127/191","Common","Near Mint","0.09","0.03","1.3200","0.0100","2","0","0.1500",""
"8297932","Pokemon","SV08: Surging Sparks","Bronzor","","126/191","Common","Near Mint","0.03","0.02","1.3200","0.0100","4","0","0.1500",""
"8297937","Pokemon","SV08: Surging Sparks","Bronzor","","126/191","Common","Near Mint Reverse Holofoil","0.18","0.09","1.3200","0.0100","2","0","0.1500",""
"8297942","Pokemon","SV08: Surging Sparks","Bruxish - 049/191","","049/191","Uncommon","Near Mint","0.08","0.05","1.3200","0.0100","3","0","0.1500",""
"8297957","Pokemon","SV08: Surging Sparks","Call Bell","","165/191","Uncommon","Near Mint","0.08","0.02","1.3200","0.0100","3","0","0.1500",""
"8297967","Pokemon","SV08: Surging Sparks","Capsakid","","012/191","Common","Near Mint","0.08","0.03","1.3200","0.0100","5","0","0.1500",""
"8297972","Pokemon","SV08: Surging Sparks","Capsakid","","012/191","Common","Near Mint Reverse Holofoil","0.13","0.09","1.3300","0.0200","2","0","0.1500",""
"8297977","Pokemon","SV08: Surging Sparks","Castform Sunny Form - 020/191","","020/191","Common","Near Mint","0.14","0.06","1.3200","0.0100","1","0","0.1500",""
"8297982","Pokemon","SV08: Surging Sparks","Castform Sunny Form - 020/191","","020/191","Common","Near Mint Reverse Holofoil","0.22","0.10","1.3200","0.0100","1","0","0.1500",""
"8297992","Pokemon","SV08: Surging Sparks","Centiskorch","","028/191","Common","Near Mint","0.09","0.05","1.3200","0.0100","3","0","0.1500",""
"8297997","Pokemon","SV08: Surging Sparks","Centiskorch","","028/191","Common","Near Mint Reverse Holofoil","0.13","0.10","1.3200","0.0100","1","0","0.1500",""
"8298002","Pokemon","SV08: Surging Sparks","Ceruledge - 035/191","","035/191","Uncommon","Near Mint","0.11","0.05","1.3200","0.0100","5","0","0.1500",""
"8298022","Pokemon","SV08: Surging Sparks","Cetitan - 054/191","","054/191","Common","Near Mint","0.10","0.04","1.3200","0.0100","1","0","0.1500",""
"8298037","Pokemon","SV08: Surging Sparks","Cetoddle","","053/191","Common","Near Mint","0.08","0.05","1.3200","0.0100","3","0","0.1500",""
"8298047","Pokemon","SV08: Surging Sparks","Charcadet - 032/191","","032/191","Common","Near Mint","0.20","0.12","1.3400","0.0300","1","0","0.1500",""
"8298052","Pokemon","SV08: Surging Sparks","Charcadet - 032/191","","032/191","Common","Near Mint Reverse Holofoil","0.19","0.12","1.3600","0.0500","0","0","0.1500",""
"8298057","Pokemon","SV08: Surging Sparks","Charcadet - 033/191","","033/191","Common","Near Mint","0.09","0.10","1.3200","0.0100","2","0","0.1500",""
"8298062","Pokemon","SV08: Surging Sparks","Charcadet - 033/191","","033/191","Common","Near Mint Reverse Holofoil","0.13","0.10","1.3300","0.0200","1","0","0.1500",""
"8298067","Pokemon","SV08: Surging Sparks","Chien-Pao","","056/191","Rare","Near Mint Holofoil","0.11","0.10","1.3200","0.0100","0","0","0.1500",""
"8298072","Pokemon","SV08: Surging Sparks","Chien-Pao","","056/191","Rare","Near Mint Reverse Holofoil","0.23","0.23","1.3300","0.0200","0","0","0.1500",""
"8298077","Pokemon","SV08: Surging Sparks","Chill Teaser Toy","","166/191","Uncommon","Near Mint","0.04","0.03","1.3200","0.0100","2","0","0.1500",""
"8298092","Pokemon","SV08: Surging Sparks","Clemont's Quick Wit - 167/191","","167/191","Uncommon","Near Mint Reverse Holofoil","0.24","0.14","1.3400","0.0300","1","0","0.1500",""
"8298107","Pokemon","SV08: Surging Sparks","Clobbopus - 112/191","","112/191","Common","Near Mint","0.06","0.05","1.3200","0.0100","2","0","0.1500",""
"8298112","Pokemon","SV08: Surging Sparks","Clobbopus - 112/191","","112/191","Common","Near Mint Reverse Holofoil","0.12","0.08","1.3200","0.0100","2","0","0.1500",""
"8298122","Pokemon","SV08: Surging Sparks","Cofagrigus","","083/191","Rare","Near Mint Holofoil","0.23","0.10","1.3200","0.0100","0","0","0.1500",""
"8298132","Pokemon","SV08: Surging Sparks","Colbur Berry","","168/191","Uncommon","Near Mint","0.05","0.03","1.3200","0.0100","4","0","0.1500",""
"8298142","Pokemon","SV08: Surging Sparks","Counter Gain","","169/191","Uncommon","Near Mint","0.14","0.07","1.3200","0.0100","3","0","0.1500",""
"8298152","Pokemon","SV08: Surging Sparks","Crocalor","","030/191","Common","Near Mint","0.09","0.05","1.3200","0.0100","2","0","0.1500",""
"8298162","Pokemon","SV08: Surging Sparks","Cryogonal","","047/191","Common","Near Mint","0.09","0.05","1.3200","0.0100","3","0","0.1500",""
"8298167","Pokemon","SV08: Surging Sparks","Cryogonal","","047/191","Common","Near Mint Reverse Holofoil","0.13","0.08","1.3200","0.0100","1","0","0.1500",""
"8298182","Pokemon","SV08: Surging Sparks","Cyrano - 170/191","","170/191","Uncommon","Near Mint","0.13","","1.3200","0.0100","0","0","0.1500",""
"8298187","Pokemon","SV08: Surging Sparks","Cyrano - 170/191","","170/191","Uncommon","Near Mint Reverse Holofoil","0.22","0.33","1.3200","0.0100","0","0","0.1500",""
"8298197","Pokemon","SV08: Surging Sparks","Dedenne","","087/191","Common","Near Mint","0.11","0.05","1.3200","0.0100","3","0","0.1500",""
"8298202","Pokemon","SV08: Surging Sparks","Dedenne","","087/191","Common","Near Mint Reverse Holofoil","0.21","0.10","1.3200","0.0100","3","0","0.1500",""
"8298207","Pokemon","SV08: Surging Sparks","Deduction Kit","","171/191","Uncommon","Near Mint","0.08","0.04","1.3200","0.0100","3","0","0.1500",""
"8298212","Pokemon","SV08: Surging Sparks","Deduction Kit","","171/191","Uncommon","Near Mint Reverse Holofoil","0.28","0.15","1.3400","0.0300","1","0","0.1500",""
"8298217","Pokemon","SV08: Surging Sparks","Deino","","117/191","Common","Near Mint","0.14","0.07","1.3200","0.0100","2","0","0.1500",""
"8298227","Pokemon","SV08: Surging Sparks","Dhelmise","","010/191","Common","Near Mint","0.09","0.03","1.3200","0.0100","2","0","0.1500",""
"8298237","Pokemon","SV08: Surging Sparks","Dialga","","135/191","Rare","Near Mint Holofoil","0.27","0.10","1.3200","0.0100","0","0","0.1500",""
"8298247","Pokemon","SV08: Surging Sparks","Donphan","","103/191","Common","Near Mint","0.10","0.05","1.3200","0.0100","3","0","0.1500",""
"8298257","Pokemon","SV08: Surging Sparks","Dragon Elixir","","172/191","Uncommon","Near Mint","0.08","0.05","1.3200","0.0100","5","0","0.1500",""
"8298262","Pokemon","SV08: Surging Sparks","Dragon Elixir","","172/191","Uncommon","Near Mint Reverse Holofoil","0.29","0.15","1.3300","0.0200","0","0","0.1500",""
"8298267","Pokemon","SV08: Surging Sparks","Drasna - 173/191","","173/191","Common","Near Mint","0.11","0.05","1.3200","0.0100","0","0","0.1500",""
"8298282","Pokemon","SV08: Surging Sparks","Drayton - 174/191","","174/191","Uncommon","Near Mint","0.14","0.05","1.3200","0.0100","5","0","0.1500",""
"8298302","Pokemon","SV08: Surging Sparks","Drilbur","","108/191","Common","Near Mint","0.07","0.03","1.3200","0.0100","8","0","0.1500",""
"8298307","Pokemon","SV08: Surging Sparks","Drilbur","","108/191","Common","Near Mint Reverse Holofoil","0.16","0.10","1.3300","0.0200","1","0","0.1500",""
"8298312","Pokemon","SV08: Surging Sparks","Duraludon","","129/191","Common","Near Mint","0.08","0.03","1.3200","0.0100","4","0","0.1500",""
"8298317","Pokemon","SV08: Surging Sparks","Duraludon","","129/191","Common","Near Mint Reverse Holofoil","0.10","0.09","1.3200","0.0100","2","0","0.1500",""
"8298337","Pokemon","SV08: Surging Sparks","Dusk Ball","","175/191","Uncommon","Near Mint","0.13","0.07","1.3200","0.0100","5","0","0.1500",""
"8298347","Pokemon","SV08: Surging Sparks","Eevee","","143/191","Common","Near Mint","0.12","0.10","1.3200","0.0100","0","0","0.1500",""
"8298357","Pokemon","SV08: Surging Sparks","Energy Search Pro","","176/191","ACE SPEC Rare","Near Mint Holofoil","0.62","","1.5500","0.2400","0","0","0.2400",""
"8298367","Pokemon","SV08: Surging Sparks","Espathra","","095/191","Uncommon","Near Mint","0.10","0.04","1.3200","0.0100","4","0","0.1500",""
"8298377","Pokemon","SV08: Surging Sparks","Espurr","","084/191","Common","Near Mint","0.13","0.06","1.3200","0.0100","3","0","0.1500",""
"8298382","Pokemon","SV08: Surging Sparks","Espurr","","084/191","Common","Near Mint Reverse Holofoil","0.18","0.10","1.3200","0.0100","3","0","0.1500",""
"8298387","Pokemon","SV08: Surging Sparks","Eternatus","","141/191","Rare","Near Mint Holofoil","0.18","0.10","1.3200","0.0100","2","0","0.1500",""
"8298397","Pokemon","SV08: Surging Sparks","Excadrill","","109/191","Common","Near Mint","0.07","0.05","1.3200","0.0100","1","0","0.1500",""
"8298402","Pokemon","SV08: Surging Sparks","Excadrill","","109/191","Common","Near Mint Reverse Holofoil","0.13","0.10","1.3200","0.0100","1","0","0.1500",""
"8298407","Pokemon","SV08: Surging Sparks","Exeggcute - 001/191","","001/191","Common","Near Mint","0.15","0.08","1.3200","0.0100","3","0","0.1500",""
"8298417","Pokemon","SV08: Surging Sparks","Exeggcute - 002/191","","002/191","Common","Near Mint","0.16","0.03","1.3200","0.0100","1","0","0.1500",""
"8298432","Pokemon","SV08: Surging Sparks","Exeggutor","","003/191","Uncommon","Near Mint","0.18","0.07","1.3200","0.0100","2","0","0.1500",""
"8298442","Pokemon","SV08: Surging Sparks","Feebas - 041/191","","041/191","Common","Near Mint","0.10","0.06","1.3200","0.0100","2","0","0.1500",""
"8298462","Pokemon","SV08: Surging Sparks","Flapple - 139/191","","139/191","Uncommon","Near Mint","0.09","0.05","1.3200","0.0100","4","0","0.1500",""
"8298477","Pokemon","SV08: Surging Sparks","Flittle","","094/191","Common","Near Mint","0.09","0.05","1.3200","0.0100","2","0","0.1500",""
"8298487","Pokemon","SV08: Surging Sparks","Flutter Mane","","096/191","Uncommon","Near Mint","0.08","0.05","1.3200","0.0100","3","0","0.1500",""
"8298507","Pokemon","SV08: Surging Sparks","Fuecoco","","029/191","Common","Near Mint","0.08","0.04","1.3200","0.0100","4","0","0.1500",""
"8298512","Pokemon","SV08: Surging Sparks","Fuecoco","","029/191","Common","Near Mint Reverse Holofoil","0.18","0.10","1.3200","0.0100","1","0","0.1500",""
"8298517","Pokemon","SV08: Surging Sparks","Gastrodon","","107/191","Rare","Near Mint Holofoil","0.18","0.09","1.3200","0.0100","0","0","0.1500",""
"8298527","Pokemon","SV08: Surging Sparks","Gholdengo","","131/191","Uncommon","Near Mint","0.11","0.05","1.3200","0.0100","5","0","0.1500",""
"8298537","Pokemon","SV08: Surging Sparks","Gimmighoul","","097/191","Common","Near Mint","0.22","0.14","1.3200","0.0100","0","0","0.1500",""
"8298542","Pokemon","SV08: Surging Sparks","Gimmighoul","","097/191","Common","Near Mint Reverse Holofoil","0.24","0.18","1.3400","0.0300","0","0","0.1500",""
"8298547","Pokemon","SV08: Surging Sparks","Glimmet","","114/191","Common","Near Mint","0.05","0.03","1.3200","0.0100","2","0","0.1500",""
"8298557","Pokemon","SV08: Surging Sparks","Glimmora","","115/191","Common","Near Mint","0.08","0.05","1.3200","0.0100","1","0","0.1500",""
"8298567","Pokemon","SV08: Surging Sparks","Gouging Fire","","038/191","Rare","Near Mint Holofoil","0.22","0.10","1.3200","0.0100","0","0","0.1500",""
"8298577","Pokemon","SV08: Surging Sparks","Grafaiai","","121/191","Uncommon","Near Mint","0.06","0.03","1.3200","0.0100","1","0","0.1500",""
"8298582","Pokemon","SV08: Surging Sparks","Grafaiai","","121/191","Uncommon","Near Mint Reverse Holofoil","0.27","0.15","1.3500","0.0400","1","0","0.1500",""
"8298587","Pokemon","SV08: Surging Sparks","Grapploct","","113/191","Common","Near Mint","0.09","0.05","1.3200","0.0100","3","0","0.1500",""
"8298592","Pokemon","SV08: Surging Sparks","Grapploct","","113/191","Common","Near Mint Reverse Holofoil","0.12","0.10","1.3200","0.0100","2","0","0.1500",""
"8298607","Pokemon","SV08: Surging Sparks","Heliolisk","","155/191","Common","Near Mint","0.07","0.05","1.3200","0.0100","3","0","0.1500",""
"8298617","Pokemon","SV08: Surging Sparks","Helioptile","","154/191","Common","Near Mint","0.08","0.02","1.3200","0.0100","3","0","0.1500",""
"8298622","Pokemon","SV08: Surging Sparks","Helioptile","","154/191","Common","Near Mint Reverse Holofoil","0.14","0.08","1.3200","0.0100","2","0","0.1500",""
"8298627","Pokemon","SV08: Surging Sparks","Ho-Oh","","019/191","Uncommon","Near Mint","0.13","0.07","1.3200","0.0100","3","0","0.1500",""
"8298632","Pokemon","SV08: Surging Sparks","Ho-Oh","","019/191","Uncommon","Near Mint Reverse Holofoil","0.27","0.21","1.3600","0.0500","0","0","0.1500",""
"8298652","Pokemon","SV08: Surging Sparks","Indeedee","","093/191","Uncommon","Near Mint","0.09","0.04","1.3200","0.0100","4","0","0.1500",""
"8298662","Pokemon","SV08: Surging Sparks","Iron Bundle","","055/191","Uncommon","Near Mint","0.11","0.03","1.3200","0.0100","1","0","0.1500",""
"8298667","Pokemon","SV08: Surging Sparks","Iron Bundle","","055/191","Uncommon","Near Mint Reverse Holofoil","0.32","0.19","1.3800","0.0600","0","0","0.1500",""
"8298672","Pokemon","SV08: Surging Sparks","Iron Crown","","132/191","Rare","Near Mint Holofoil","0.17","0.10","1.3200","0.0100","0","0","0.1500",""
"8298682","Pokemon","SV08: Surging Sparks","Jasmine's Gaze - 178/191","","178/191","Uncommon","Near Mint","0.07","0.05","1.3200","0.0100","8","0","0.1500",""
"8298702","Pokemon","SV08: Surging Sparks","Kecleon - 150/191","","150/191","Common","Near Mint","0.13","0.06","1.3200","0.0100","3","0","0.1500",""
"8298707","Pokemon","SV08: Surging Sparks","Kecleon - 150/191","","150/191","Common","Near Mint Reverse Holofoil","0.20","0.12","1.3500","0.0400","0","0","0.1500",""
"8298717","Pokemon","SV08: Surging Sparks","Kilowattrel","","067/191","Uncommon","Near Mint","0.06","0.03","1.3200","0.0100","2","0","0.1500",""
"8298737","Pokemon","SV08: Surging Sparks","Klefki","","128/191","Common","Near Mint","0.13","0.06","1.3200","0.0100","2","0","0.1500",""
"8298747","Pokemon","SV08: Surging Sparks","Koraidon","","116/191","Uncommon","Near Mint","0.10","0.05","1.3200","0.0100","0","0","0.1500",""
"8298752","Pokemon","SV08: Surging Sparks","Koraidon","","116/191","Uncommon","Near Mint Reverse Holofoil","0.29","0.18","1.3600","0.0500","0","0","0.1500",""
"8298757","Pokemon","SV08: Surging Sparks","Landorus","","110/191","Rare","Near Mint Holofoil","0.16","0.10","1.3200","0.0100","0","0","0.1500",""
"8298767","Pokemon","SV08: Surging Sparks","Larvesta - 024/191","","024/191","Common","Near Mint","0.05","0.03","1.3200","0.0100","7","0","0.1500",""
"8298782","Pokemon","SV08: Surging Sparks","Latias ex - 076/191","","076/191","Double Rare","Near Mint Holofoil","2.95","3.99","3.3000","1.7000","0","0","1.4900",""
"8298797","Pokemon","SV08: Surging Sparks","Latios - 077/191","","077/191","Uncommon","Near Mint","0.09","0.04","1.3200","0.0100","4","0","0.1500",""
"8298812","Pokemon","SV08: Surging Sparks","Lisia's Appeal - 179/191","","179/191","Uncommon","Near Mint","0.12","0.06","1.3200","0.0100","2","0","0.1500",""
"8298832","Pokemon","SV08: Surging Sparks","Lively Stadium","","180/191","Uncommon","Near Mint","0.18","0.13","1.3200","0.0100","0","0","0.1500",""
"8298842","Pokemon","SV08: Surging Sparks","Magnemite","","058/191","Common","Near Mint","0.06","0.05","1.3200","0.0100","4","0","0.1500",""
"8298852","Pokemon","SV08: Surging Sparks","Magneton","","059/191","Uncommon","Near Mint","0.15","0.08","1.3200","0.0100","3","0","0.1500",""
"8298857","Pokemon","SV08: Surging Sparks","Magneton","","059/191","Uncommon","Near Mint Reverse Holofoil","0.25","0.15","1.3400","0.0300","0","0","0.1500",""
"8298862","Pokemon","SV08: Surging Sparks","Magnezone","","060/191","Uncommon","Near Mint","0.09","0.05","1.3200","0.0100","4","0","0.1500",""
"8298872","Pokemon","SV08: Surging Sparks","Mankey","","098/191","Common","Near Mint","0.10","0.01","1.3200","0.0100","10","0","0.1500",""
"8298877","Pokemon","SV08: Surging Sparks","Mankey","","098/191","Common","Near Mint Reverse Holofoil","0.16","0.10","1.3200","0.0100","1","0","0.1500",""
"8298882","Pokemon","SV08: Surging Sparks","Mantine","","040/191","Common","Near Mint","0.12","0.06","1.3200","0.0100","2","0","0.1500",""
"8298892","Pokemon","SV08: Surging Sparks","Marill","","073/191","Common","Near Mint","0.08","0.05","1.3200","0.0100","11","0","0.1500",""
"8298902","Pokemon","SV08: Surging Sparks","Maushold","","158/191","Uncommon","Near Mint","0.13","0.07","1.3200","0.0100","1","0","0.1500",""
"8298912","Pokemon","SV08: Surging Sparks","Meddling Memo","","181/191","Uncommon","Near Mint","0.07","0.03","1.3200","0.0100","5","0","0.1500",""
"8298917","Pokemon","SV08: Surging Sparks","Meddling Memo","","181/191","Uncommon","Near Mint Reverse Holofoil","0.27","0.14","1.3200","0.0100","0","0","0.1500",""
"8298927","Pokemon","SV08: Surging Sparks","Meowstic","","085/191","Uncommon","Near Mint","0.13","0.07","1.3200","0.0100","2","0","0.1500",""
"8298932","Pokemon","SV08: Surging Sparks","Meowstic","","085/191","Uncommon","Near Mint Reverse Holofoil","0.29","0.19","1.3900","0.0800","0","0","0.1500",""
"8298937","Pokemon","SV08: Surging Sparks","Mesprit - 079/191","","079/191","Common","Near Mint","0.15","0.08","1.3200","0.0100","2","0","0.1500",""
"8298972","Pokemon","SV08: Surging Sparks","Miraidon","","069/191","Uncommon","Near Mint","0.08","0.05","1.3200","0.0100","4","0","0.1500",""
"8298977","Pokemon","SV08: Surging Sparks","Miraidon","","069/191","Uncommon","Near Mint Reverse Holofoil","0.24","0.15","1.3900","0.0800","0","0","0.1500",""
"8298982","Pokemon","SV08: Surging Sparks","Morelull","","008/191","Common","Near Mint","0.07","0.03","1.3200","0.0100","6","0","0.1500",""
"8298987","Pokemon","SV08: Surging Sparks","Morelull","","008/191","Common","Near Mint Reverse Holofoil","0.12","0.09","1.3300","0.0200","1","0","0.1500",""
"8298992","Pokemon","SV08: Surging Sparks","Ninetales","","017/191","Uncommon","Near Mint","0.12","0.08","1.3200","0.0100","2","0","0.1500",""
"8298997","Pokemon","SV08: Surging Sparks","Ninetales","","017/191","Uncommon","Near Mint Reverse Holofoil","0.31","0.24","1.4900","0.1800","0","0","0.1900",""
"8299002","Pokemon","SV08: Surging Sparks","Oranguru","","156/191","Common","Near Mint","0.09","0.05","1.3200","0.0100","1","0","0.1500",""
"8299007","Pokemon","SV08: Surging Sparks","Oranguru","","156/191","Common","Near Mint Reverse Holofoil","0.16","0.09","1.3200","0.0100","1","0","0.1500",""
"8299012","Pokemon","SV08: Surging Sparks","Oricorio - 026/191","","026/191","Common","Near Mint","0.11","0.06","1.3200","0.0100","5","0","0.1500",""
"8299017","Pokemon","SV08: Surging Sparks","Oricorio - 026/191","","026/191","Common","Near Mint Reverse Holofoil","0.17","0.10","1.3200","0.0100","1","0","0.1500",""
"8299022","Pokemon","SV08: Surging Sparks","Oricorio - 089/191","","089/191","Common","Near Mint","0.09","0.06","1.3200","0.0100","2","0","0.1500",""
"8299027","Pokemon","SV08: Surging Sparks","Oricorio - 089/191","","089/191","Common","Near Mint Reverse Holofoil","0.19","0.10","1.3300","0.0200","1","0","0.1500",""
"8299032","Pokemon","SV08: Surging Sparks","Paldean Tauros - 018/191","","018/191","Uncommon","Near Mint","0.13","0.03","1.3200","0.0100","4","0","0.1500",""
"8299042","Pokemon","SV08: Surging Sparks","Paldean Tauros - 039/191","","039/191","Uncommon","Near Mint","0.12","0.06","1.3200","0.0100","3","0","0.1500",""
"8299052","Pokemon","SV08: Surging Sparks","Paldean Tauros - 101/191","","101/191","Uncommon","Near Mint","0.14","0.02","1.3200","0.0100","2","0","0.1500",""
"8299062","Pokemon","SV08: Surging Sparks","Palkia","","136/191","Rare","Near Mint Holofoil","0.13","0.08","1.3200","0.0100","0","0","0.1500",""
"8299067","Pokemon","SV08: Surging Sparks","Palkia","","136/191","Rare","Near Mint Reverse Holofoil","0.25","0.13","1.3300","0.0200","2","0","0.1500",""
"8299072","Pokemon","SV08: Surging Sparks","Palossand ex - 091/191","","091/191","Double Rare","Near Mint Holofoil","0.54","0.90","1.5400","0.0400","1","0","0.2500",""
"8299092","Pokemon","SV08: Surging Sparks","Passho Berry","","184/191","Uncommon","Near Mint","0.05","0.03","1.3200","0.0100","4","0","0.1500",""
"8299097","Pokemon","SV08: Surging Sparks","Passho Berry","","184/191","Uncommon","Near Mint Reverse Holofoil","0.22","0.16","1.3600","0.0500","0","0","0.1500",""
"8299102","Pokemon","SV08: Surging Sparks","Passimian","","111/191","Uncommon","Near Mint","0.09","0.04","1.3200","0.0100","5","0","0.1500",""
"8299112","Pokemon","SV08: Surging Sparks","Phanpy - 102/191","","102/191","Common","Near Mint","0.11","0.06","1.3200","0.0100","2","0","0.1500",""
"8299157","Pokemon","SV08: Surging Sparks","Quaquaval","","052/191","Uncommon","Near Mint","0.07","0.04","1.3200","0.0100","1","0","0.1500",""
"8299162","Pokemon","SV08: Surging Sparks","Quaquaval","","052/191","Uncommon","Near Mint Reverse Holofoil","0.27","0.22","1.3500","0.0400","0","0","0.1500",""
"8299167","Pokemon","SV08: Surging Sparks","Quaxly","","050/191","Common","Near Mint","0.09","0.05","1.3200","0.0100","11","0","0.1500",""
"8299172","Pokemon","SV08: Surging Sparks","Quaxly","","050/191","Common","Near Mint Reverse Holofoil","0.18","0.10","1.3200","0.0100","1","0","0.1500",""
"8299177","Pokemon","SV08: Surging Sparks","Quaxwell","","051/191","Common","Near Mint","0.11","0.06","1.3200","0.0100","2","0","0.1500",""
"8299187","Pokemon","SV08: Surging Sparks","Rabsca","","014/191","Rare","Near Mint Holofoil","0.15","0.10","1.3200","0.0100","0","0","0.1500",""
"8299192","Pokemon","SV08: Surging Sparks","Rabsca","","014/191","Rare","Near Mint Reverse Holofoil","0.20","0.20","1.3200","0.0100","1","0","0.1500",""
"8299197","Pokemon","SV08: Surging Sparks","Registeel","","125/191","Uncommon","Near Mint","0.11","0.05","1.3200","0.0100","6","0","0.1500",""
"8299207","Pokemon","SV08: Surging Sparks","Rellor","","013/191","Common","Near Mint","0.07","0.02","1.3200","0.0100","7","0","0.1500",""
"8299217","Pokemon","SV08: Surging Sparks","Rotom","","061/191","Common","Near Mint","0.06","0.03","1.3200","0.0100","5","0","0.1500",""
"8299222","Pokemon","SV08: Surging Sparks","Rotom","","061/191","Common","Near Mint Reverse Holofoil","0.14","0.10","1.3300","0.0200","1","0","0.1500",""
"8299227","Pokemon","SV08: Surging Sparks","Rufflet","","152/191","Common","Near Mint","0.05","0.03","1.3200","0.0100","2","0","0.1500",""
"8299237","Pokemon","SV08: Surging Sparks","Sandygast","","090/191","Common","Near Mint","0.05","0.01","1.3200","0.0100","7","0","0.1500",""
"8299242","Pokemon","SV08: Surging Sparks","Sandygast","","090/191","Common","Near Mint Reverse Holofoil","0.14","0.10","1.3200","0.0100","1","0","0.1500",""
"8299247","Pokemon","SV08: Surging Sparks","Scatterbug","","005/191","Common","Near Mint","0.09","0.04","1.3200","0.0100","6","0","0.1500",""
"8299252","Pokemon","SV08: Surging Sparks","Scatterbug","","005/191","Common","Near Mint Reverse Holofoil","0.12","0.10","1.3300","0.0200","2","0","0.1500",""
"8299257","Pokemon","SV08: Surging Sparks","Scovillain ex - 037/191","","037/191","Double Rare","Near Mint Holofoil","0.58","0.84","1.5600","0.2500","0","0","0.2900",""
"8299272","Pokemon","SV08: Surging Sparks","Sealeo","","044/191","Common","Near Mint","0.07","0.05","1.3200","0.0100","1","0","0.1500",""
"8299277","Pokemon","SV08: Surging Sparks","Sealeo","","044/191","Common","Near Mint Reverse Holofoil","0.12","0.10","1.3300","0.0200","2","0","0.1500",""
"8299282","Pokemon","SV08: Surging Sparks","Shellos","","046/191","Common","Near Mint","0.11","0.04","1.3200","0.0100","4","0","0.1500",""
"8299292","Pokemon","SV08: Surging Sparks","Shiinotic - 009/191","","009/191","Uncommon","Near Mint","0.11","0.04","1.3200","0.0100","5","0","0.1500",""
"8299307","Pokemon","SV08: Surging Sparks","Shroodle","","120/191","Common","Near Mint","0.07","0.03","1.3200","0.0100","6","0","0.1500",""
"8299312","Pokemon","SV08: Surging Sparks","Shroodle","","120/191","Common","Near Mint Reverse Holofoil","0.16","0.10","1.3200","0.0100","1","0","0.1500",""
"8299317","Pokemon","SV08: Surging Sparks","Sigilyph","","081/191","Common","Near Mint","0.10","0.04","1.3200","0.0100","3","0","0.1500",""
"8299327","Pokemon","SV08: Surging Sparks","Simisear","","023/191","Common","Near Mint","0.12","0.05","1.3200","0.0100","2","0","0.1500",""
"8299332","Pokemon","SV08: Surging Sparks","Simisear","","023/191","Common","Near Mint Reverse Holofoil","0.15","0.10","1.3200","0.0100","2","0","0.1500",""
"8299337","Pokemon","SV08: Surging Sparks","Sizzlipede","","027/191","Common","Near Mint","0.04","0.03","1.3200","0.0100","3","0","0.1500",""
"8299342","Pokemon","SV08: Surging Sparks","Sizzlipede","","027/191","Common","Near Mint Reverse Holofoil","0.15","0.10","1.3200","0.0100","2","0","0.1500",""
"8299347","Pokemon","SV08: Surging Sparks","Skarmory - 124/191","","124/191","Common","Near Mint","0.06","0.04","1.3200","0.0100","3","0","0.1500",""
"8299362","Pokemon","SV08: Surging Sparks","Skeledirge","","031/191","Rare","Near Mint Holofoil","0.19","0.10","1.3200","0.0100","0","0","0.1500",""
"8299367","Pokemon","SV08: Surging Sparks","Skeledirge","","031/191","Rare","Near Mint Reverse Holofoil","0.29","0.25","1.3600","0.0500","0","0","0.1500",""
"8299382","Pokemon","SV08: Surging Sparks","Slakoth - 145/191","","145/191","Common","Near Mint","0.06","0.04","1.3200","0.0100","5","0","0.1500",""
"8299387","Pokemon","SV08: Surging Sparks","Slakoth - 145/191","","145/191","Common","Near Mint Reverse Holofoil","0.10","0.07","1.3300","0.0200","1","0","0.1500",""
"8299392","Pokemon","SV08: Surging Sparks","Slakoth - 212/191","","212/191","Illustration Rare","Near Mint Holofoil","8.60","10.24","8.2500","7.0000","0","0","6.6500",""
"8299427","Pokemon","SV08: Surging Sparks","Smoochum","","075/191","Common","Near Mint","0.15","0.10","1.3200","0.0100","3","0","0.1500",""
"8299447","Pokemon","SV08: Surging Sparks","Spewpa","","006/191","Common","Near Mint","0.14","0.05","1.3200","0.0100","3","0","0.1500",""
"8299457","Pokemon","SV08: Surging Sparks","Spheal - 043/191","","043/191","Common","Near Mint","0.10","0.05","1.3200","0.0100","6","0","0.1500",""
"8299462","Pokemon","SV08: Surging Sparks","Spheal - 043/191","","043/191","Common","Near Mint Reverse Holofoil","0.17","0.10","1.3400","0.0300","0","0","0.1500",""
"8299472","Pokemon","SV08: Surging Sparks","Stunfisk - 064/191","","064/191","Common","Near Mint","0.10","0.03","1.3200","0.0100","2","0","0.1500",""
"8299487","Pokemon","SV08: Surging Sparks","Surfer - 187/191","","187/191","Uncommon","Near Mint","0.14","0.05","1.3200","0.0100","6","0","0.1500",""
"8299502","Pokemon","SV08: Surging Sparks","Swablu","","148/191","Common","Near Mint","0.11","0.02","1.3200","0.0100","5","0","0.1500",""
"8299507","Pokemon","SV08: Surging Sparks","Swablu","","148/191","Common","Near Mint Reverse Holofoil","0.15","0.09","1.3300","0.0200","1","0","0.1500",""
"8299517","Pokemon","SV08: Surging Sparks","Tandemaus","","157/191","Common","Near Mint","0.15","0.07","1.3200","0.0100","7","0","0.1500",""
"8299527","Pokemon","SV08: Surging Sparks","Tapu Koko","","065/191","Rare","Near Mint Holofoil","0.10","0.07","1.3200","0.0100","0","0","0.1500",""
"8299537","Pokemon","SV08: Surging Sparks","Tapu Lele","","092/191","Rare","Near Mint Holofoil","0.14","0.10","1.3200","0.0100","0","0","0.1500",""
"8299557","Pokemon","SV08: Surging Sparks","Technical Machine: Fluorite","","188/191","Uncommon","Near Mint","0.06","0.02","1.3200","0.0100","0","0","0.1500",""
"8299567","Pokemon","SV08: Surging Sparks","Tera Orb","","189/191","Uncommon","Near Mint","0.11","0.08","1.3200","0.0100","3","0","0.1500",""
"8299577","Pokemon","SV08: Surging Sparks","Terapagos","","161/191","Rare","Near Mint Holofoil","0.20","0.11","1.3200","0.0100","0","0","0.1500",""
"8299587","Pokemon","SV08: Surging Sparks","Togekiss","","072/191","Rare","Near Mint Holofoil","0.26","0.10","1.3200","0.0100","4","0","0.1500",""
"8299597","Pokemon","SV08: Surging Sparks","Togepi","","070/191","Common","Near Mint","0.16","0.07","1.3200","0.0100","7","0","0.1500",""
"8299607","Pokemon","SV08: Surging Sparks","Togetic","","071/191","Common","Near Mint","0.14","0.07","1.3200","0.0100","0","0","0.1500",""
"8299612","Pokemon","SV08: Surging Sparks","Togetic","","071/191","Common","Near Mint Reverse Holofoil","0.19","0.11","1.3400","0.0300","1","0","0.1500",""
"8299617","Pokemon","SV08: Surging Sparks","Trapinch","","104/191","Common","Near Mint","0.08","0.04","1.3200","0.0100","5","0","0.1500",""
"8299627","Pokemon","SV08: Surging Sparks","Turtonator","","137/191","Uncommon","Near Mint","0.13","0.04","1.3200","0.0100","5","0","0.1500",""
"8299632","Pokemon","SV08: Surging Sparks","Turtonator","","137/191","Uncommon","Near Mint Reverse Holofoil","0.25","0.15","1.3500","0.0400","1","0","0.1500",""
"8299637","Pokemon","SV08: Surging Sparks","Tyme","","190/191","Uncommon","Near Mint","0.13","0.06","1.3200","0.0100","1","0","0.1500",""
"8299647","Pokemon","SV08: Surging Sparks","Uxie","","078/191","Common","Near Mint","0.17","0.09","1.3200","0.0100","2","0","0.1500",""
"8299657","Pokemon","SV08: Surging Sparks","Vibrava - 105/191","","105/191","Common","Near Mint","0.12","0.06","1.3200","0.0100","1","0","0.1500",""
"8299662","Pokemon","SV08: Surging Sparks","Vibrava - 105/191","","105/191","Common","Near Mint Reverse Holofoil","0.15","0.10","1.3500","0.0400","1","0","0.1500",""
"8299672","Pokemon","SV08: Surging Sparks","Victini","","021/191","Uncommon","Near Mint","0.16","0.10","1.3200","0.0100","3","0","0.1500",""
"8299682","Pokemon","SV08: Surging Sparks","Vigoroth","","146/191","Common","Near Mint","0.09","0.05","1.3200","0.0100","2","0","0.1500",""
"8299692","Pokemon","SV08: Surging Sparks","Vivillon - 007/191","","007/191","Uncommon","Near Mint","0.12","0.06","1.3200","0.0100","6","0","0.1500",""
"8299707","Pokemon","SV08: Surging Sparks","Volcarona","","025/191","Common","Near Mint","0.10","0.03","1.3200","0.0100","4","0","0.1500",""
"8299712","Pokemon","SV08: Surging Sparks","Volcarona","","025/191","Common","Near Mint Reverse Holofoil","0.18","0.10","1.3200","0.0100","4","0","0.1500",""
"8299717","Pokemon","SV08: Surging Sparks","Vulpix","","016/191","Common","Near Mint","0.15","0.08","1.3200","0.0100","1","0","0.1500",""
"8299727","Pokemon","SV08: Surging Sparks","Walrein","","045/191","Uncommon","Near Mint","0.12","0.06","1.3200","0.0100","7","0","0.1500",""
"8299737","Pokemon","SV08: Surging Sparks","Wattrel","","066/191","Common","Near Mint","0.04","0.02","1.3200","0.0100","4","0","0.1500",""
"8299742","Pokemon","SV08: Surging Sparks","Wattrel","","066/191","Common","Near Mint Reverse Holofoil","0.16","0.10","1.3200","0.0100","2","0","0.1500",""
"8299747","Pokemon","SV08: Surging Sparks","Wo-Chien","","015/191","Uncommon","Near Mint","0.10","0.06","1.3200","0.0100","3","0","0.1500",""
"8299757","Pokemon","SV08: Surging Sparks","Xerneas","","088/191","Uncommon","Near Mint","0.09","0.05","1.3200","0.0100","8","0","0.1500",""
"8299767","Pokemon","SV08: Surging Sparks","Yamask","","082/191","Common","Near Mint","0.07","0.03","1.3200","0.0100","6","0","0.1500",""
"8299772","Pokemon","SV08: Surging Sparks","Yamask","","082/191","Common","Near Mint Reverse Holofoil","0.12","0.08","1.3200","0.0100","2","0","0.1500",""
"8299777","Pokemon","SV08: Surging Sparks","Zangoose","","149/191","Common","Near Mint","0.08","0.03","1.3200","0.0100","4","0","0.1500",""
"8299787","Pokemon","SV08: Surging Sparks","Zarude","","011/191","Rare","Near Mint Holofoil","0.12","0.10","1.3200","0.0100","0","0","0.1500",""
"8299797","Pokemon","SV08: Surging Sparks","Zebstrika","","063/191","Common","Near Mint","0.10","0.05","1.3200","0.0100","7","0","0.1500",""
"8299802","Pokemon","SV08: Surging Sparks","Zebstrika","","063/191","Common","Near Mint Reverse Holofoil","0.14","0.10","1.3200","0.0100","0","0","0.1500",""
"8299807","Pokemon","SV08: Surging Sparks","Zweilous","","118/191","Common","Near Mint","0.11","0.06","1.3200","0.0100","3","0","0.1500",""
"8299812","Pokemon","SV08: Surging Sparks","Zweilous","","118/191","Common","Near Mint Reverse Holofoil","0.16","0.09","1.3200","0.0100","2","0","0.1500",""
"8607459","Pokemon","SV09: Journey Together","Accelgor","","013/159","Uncommon","Near Mint","0.06","0.03","1.3200","0.0100","1","0","0.1500",""
"8608499","Pokemon","SV09: Journey Together","Audino","","124/159","Common","Near Mint Reverse Holofoil","0.24","0.13","1.3200","0.0100","1","0","0.1500",""
"8608389","Pokemon","SV09: Journey Together","Bagon","","112/159","Common","Near Mint Reverse Holofoil","0.18","0.12","1.3200","0.0100","1","0","0.1500",""
"8607894","Pokemon","SV09: Journey Together","Banette","","060/159","Uncommon","Near Mint","0.06","0.05","1.3200","0.0100","2","0","0.1500",""
"8608674","Pokemon","SV09: Journey Together","Billy & O'Nare","","142/159","Common","Near Mint","0.05","0.05","1.3200","0.0100","0","0","0.1500",""
"8608684","Pokemon","SV09: Journey Together","Black Belt's Training - 143/159","","143/159","Common","Near Mint","0.11","0.06","1.3200","0.0100","1","0","0.1500",""
"8608704","Pokemon","SV09: Journey Together","Black Belt's Training - 145/159","","145/159","Common","Near Mint","0.16","0.07","1.3200","0.0100","1","0","0.1500",""
"8608514","Pokemon","SV09: Journey Together","Cinccino","","126/159","Uncommon","Near Mint","0.06","0.03","1.3200","0.0100","1","0","0.1500",""
"8608369","Pokemon","SV09: Journey Together","Copperajah","","110/159","Uncommon","Near Mint","0.07","0.03","1.3200","0.0100","4","0","0.1500",""
"8608044","Pokemon","SV09: Journey Together","Cubone","","076/159","Common","Near Mint","0.18","0.08","1.3200","0.0100","2","0","0.1500",""
"8608359","Pokemon","SV09: Journey Together","Cufant","","109/159","Common","Near Mint","0.06","0.03","1.3200","0.0100","1","0","0.1500",""
"8607989","Pokemon","SV09: Journey Together","Dhelmise","","070/159","Common","Near Mint","0.14","0.10","1.3200","0.0100","1","0","0.1500",""
"8607994","Pokemon","SV09: Journey Together","Dhelmise","","070/159","Common","Near Mint Reverse Holofoil","0.26","0.14","1.3200","0.0100","1","0","0.1500",""
"8608294","Pokemon","SV09: Journey Together","Escavalier","","102/159","Uncommon","Near Mint Reverse Holofoil","0.17","0.15","1.3400","0.0300","1","0","0.1500",""
"8607434","Pokemon","SV09: Journey Together","Foongus","","010/159","Common","Near Mint","0.08","0.04","1.3200","0.0100","1","0","0.1500",""
"8608449","Pokemon","SV09: Journey Together","Furret - 119/159","","119/159","Common","Near Mint","0.13","0.09","1.3200","0.0100","1","0","0.1500",""
"8608334","Pokemon","SV09: Journey Together","Galarian Stunfisk","","106/159","Common","Near Mint Reverse Holofoil","0.20","0.14","1.3200","0.0100","1","0","0.1500",""
"8608574","Pokemon","SV09: Journey Together","Greedent","","132/159","Uncommon","Near Mint","0.07","0.03","1.3200","0.0100","2","0","0.1500",""
"8608019","Pokemon","SV09: Journey Together","Grimmsnarl","","073/159","Uncommon","Near Mint","0.09","0.05","1.3200","0.0100","2","0","0.1500",""
"8608724","Pokemon","SV09: Journey Together","Hop's Bag","","147/159","Uncommon","Near Mint","0.06","0.04","1.3200","0.0100","3","0","0.1500",""
"8608734","Pokemon","SV09: Journey Together","Hop's Choice Band","","148/159","Uncommon","Near Mint","0.06","0.05","1.3200","0.0100","1","0","0.1500",""
"8608739","Pokemon","SV09: Journey Together","Hop's Choice Band","","148/159","Uncommon","Near Mint Reverse Holofoil","0.21","0.15","1.3200","0.0100","0","0","0.1500",""
"8608349","Pokemon","SV09: Journey Together","Hop's Corviknight","","108/159","Uncommon","Near Mint","0.10","0.02","1.3200","0.0100","1","0","0.1500",""
"8608354","Pokemon","SV09: Journey Together","Hop's Corviknight","","108/159","Uncommon","Near Mint Reverse Holofoil","0.33","0.25","1.5500","0.2400","0","0","0.2000",""
"8608594","Pokemon","SV09: Journey Together","Hop's Corvisquire","","134/159","Common","Near Mint","0.13","0.06","1.3200","0.0100","1","0","0.1500",""
"8608634","Pokemon","SV09: Journey Together","Hop's Cramorant","","138/159","Uncommon","Near Mint","0.15","0.10","1.3200","0.0100","1","0","0.1500",""
"8608614","Pokemon","SV09: Journey Together","Hop's Dubwool","","136/159","Rare","Near Mint Holofoil","0.12","0.10","1.3200","0.0100","0","0","0.1500",""
"8608149","Pokemon","SV09: Journey Together","Hop's Sandaconda","","087/159","Uncommon","Near Mint","0.08","0.02","1.3200","0.0100","4","0","0.1500",""
"8608154","Pokemon","SV09: Journey Together","Hop's Sandaconda","","087/159","Uncommon","Near Mint Reverse Holofoil","0.33","0.27","1.3800","0.0700","0","0","0.1500",""
"8608139","Pokemon","SV09: Journey Together","Hop's Silicobra","","086/159","Common","Near Mint","0.07","0.05","1.3200","0.0100","1","0","0.1500",""
"8608429","Pokemon","SV09: Journey Together","Hop's Snorlax","","117/159","Rare","Near Mint Holofoil","0.22","0.15","1.3200","0.0100","0","0","0.1500",""
"8608434","Pokemon","SV09: Journey Together","Hop's Snorlax","","117/159","Rare","Near Mint Reverse Holofoil","0.49","","1.4300","0.1200","0","0","0.1500",""
"8608609","Pokemon","SV09: Journey Together","Hop's Wooloo - 135/159","","135/159","Common","Near Mint Reverse Holofoil","0.27","0.15","1.3400","0.0300","1","0","0.1500",""
"8608379","Pokemon","SV09: Journey Together","Hop's Zacian ex - 111/159","","111/159","Double Rare","Near Mint Holofoil","0.57","1.25","1.5000","0.1900","0","0","0.2500",""
"8607834","Pokemon","SV09: Journey Together","Iono's Bellibolt ex - 053/159","","053/159","Double Rare","Near Mint Holofoil","0.74","1.29","1.5200","0.2100","0","0","0.2000",""
"8607779","Pokemon","SV09: Journey Together","Iono's Voltorb","","047/159","Common","Near Mint","0.16","0.15","1.3200","0.0100","1","0","0.1500",""
"8607784","Pokemon","SV09: Journey Together","Iono's Voltorb","","047/159","Common","Near Mint Reverse Holofoil","0.20","0.16","1.3400","0.0300","0","0","0.1500",""
"8607424","Pokemon","SV09: Journey Together","Karrablast","","009/159","Common","Near Mint","0.13","0.05","1.3200","0.0100","1","0","0.1500",""
"8608194","Pokemon","SV09: Journey Together","Koffing","","091/159","Common","Near Mint Reverse Holofoil","0.22","0.15","1.3200","0.0100","1","0","0.1500",""
"8607604","Pokemon","SV09: Journey Together","Larvesta","","028/159","Common","Near Mint","0.07","0.04","1.3200","0.0100","1","0","0.1500",""
"8608079","Pokemon","SV09: Journey Together","Larvitar","","080/159","Common","Near Mint","0.16","0.08","1.3200","0.0100","1","0","0.1500",""
"8608084","Pokemon","SV09: Journey Together","Larvitar","","080/159","Common","Near Mint Reverse Holofoil","0.23","0.15","1.3500","0.0400","1","0","0.1500",""
"8608644","Pokemon","SV09: Journey Together","Lechonk","","139/159","Common","Near Mint","0.14","0.04","1.3200","0.0100","2","0","0.1500",""
"8608649","Pokemon","SV09: Journey Together","Lechonk","","139/159","Common","Near Mint Reverse Holofoil","0.19","0.15","1.3200","0.0100","1","0","0.1500",""
"8608754","Pokemon","SV09: Journey Together","Levincia","","150/159","Uncommon","Near Mint","0.12","0.05","1.3200","0.0100","3","0","0.1500",""
"8607859","Pokemon","SV09: Journey Together","Lillie's Clefairy ex - 056/159","","056/159","Double Rare","Near Mint Holofoil","1.34","","1.8100","0.5000","0","0","0.5000",""
"8608974","Pokemon","SV09: Journey Together","Lillie's Clefairy ex - 184/159","","184/159","Special Illustration Rare","Near Mint Holofoil","122.90","145.94","119.9900","118.9900","0","0","117.6500",""
"8607954","Pokemon","SV09: Journey Together","Lillie's Cutiefly","","066/159","Common","Near Mint","0.13","0.10","1.3200","0.0100","1","0","0.1500",""
"8608764","Pokemon","SV09: Journey Together","Lillie's Pearl","","151/159","Uncommon","Near Mint","0.07","0.05","1.3200","0.0100","2","0","0.1500",""
"8607964","Pokemon","SV09: Journey Together","Lillie's Ribombee - 067/159","","067/159","Rare","Near Mint Holofoil","0.13","0.08","1.3200","0.0100","0","0","0.1500",""
"8607969","Pokemon","SV09: Journey Together","Lillie's Ribombee - 067/159","","067/159","Rare","Near Mint Reverse Holofoil","0.29","0.27","1.5100","0.2000","0","0","0.1500",""
"8608269","Pokemon","SV09: Journey Together","Lokix","","100/159","Uncommon","Near Mint","0.10","0.03","1.3200","0.0100","1","0","0.1500",""
"8607664","Pokemon","SV09: Journey Together","Lotad","","035/159","Common","Near Mint","0.07","0.05","1.3200","0.0100","1","0","0.1500",""
"8607684","Pokemon","SV09: Journey Together","Ludicolo","","037/159","Rare","Near Mint Holofoil","0.16","0.10","1.3200","0.0100","0","0","0.1500",""
"8608339","Pokemon","SV09: Journey Together","Magearna","","107/159","Rare","Near Mint Holofoil","0.16","0.10","1.3200","0.0100","0","0","0.1500",""
"8608074","Pokemon","SV09: Journey Together","Mamoswine ex - 079/159","","079/159","Double Rare","Near Mint Holofoil","0.63","0.99","1.4500","0.1400","0","0","0.1500",""
"8607419","Pokemon","SV09: Journey Together","Maractus - 008/159","","008/159","Uncommon","Near Mint Reverse Holofoil","0.22","0.15","1.3300","0.0200","1","0","0.1500",""
"8607359","Pokemon","SV09: Journey Together","Metapod","","002/159","Common","Near Mint Reverse Holofoil","0.20","0.15","1.3400","0.0300","0","0","0.1500",""
"8608029","Pokemon","SV09: Journey Together","Milcery","","074/159","Common","Near Mint","0.09","0.04","1.3200","0.0100","1","0","0.1500",""
"8608774","Pokemon","SV09: Journey Together","N's Castle","","152/159","Uncommon","Near Mint","0.16","0.09","1.3200","0.0100","3","0","0.1500",""
"8607594","Pokemon","SV09: Journey Together","N's Darmanitan - 027/159","","027/159","Uncommon","Near Mint","0.13","0.10","1.3200","0.0100","0","0","0.1500",""
"8607599","Pokemon","SV09: Journey Together","N's Darmanitan - 027/159","","027/159","Uncommon","Near Mint Reverse Holofoil","0.33","0.29","1.5100","0.2000","0","0","0.2000",""
"8607584","Pokemon","SV09: Journey Together","N's Darumaka","","026/159","Common","Near Mint","0.11","0.09","1.3200","0.0100","1","0","0.1500",""
"8607589","Pokemon","SV09: Journey Together","N's Darumaka","","026/159","Common","Near Mint Reverse Holofoil","0.29","0.17","1.3600","0.0500","1","0","0.1500",""
"8607799","Pokemon","SV09: Journey Together","N's Joltik","","049/159","Common","Near Mint","0.10","0.07","1.3200","0.0100","1","0","0.1500",""
"8607804","Pokemon","SV09: Journey Together","N's Joltik","","049/159","Common","Near Mint Reverse Holofoil","0.23","0.15","1.3200","0.0100","1","0","0.1500",""
"8608314","Pokemon","SV09: Journey Together","N's Klang","","104/159","Common","Near Mint Reverse Holofoil","0.23","0.12","1.3200","0.0100","1","0","0.1500",""
"8608299","Pokemon","SV09: Journey Together","N's Klink","","103/159","Common","Near Mint","0.10","0.04","1.3200","0.0100","2","0","0.1500",""
"8608319","Pokemon","SV09: Journey Together","N's Klinklang","","105/159","Uncommon","Near Mint","0.08","0.05","1.3200","0.0100","3","0","0.1500",""
"8608784","Pokemon","SV09: Journey Together","N's PP Up","","153/159","Uncommon","Near Mint","0.15","","1.3200","0.0100","3","0","0.1500",""
"8608789","Pokemon","SV09: Journey Together","N's PP Up","","153/159","Uncommon","Near Mint Reverse Holofoil","0.31","0.31","1.3500","0.0400","0","0","0.1500",""
"8608234","Pokemon","SV09: Journey Together","N's Purrloin","","096/159","Common","Near Mint","0.12","0.10","1.3200","0.0100","1","0","0.1500",""
"8607934","Pokemon","SV09: Journey Together","N's Sigilyph","","064/159","Common","Near Mint","0.15","0.10","1.3200","0.0100","1","0","0.1500",""
"8608244","Pokemon","SV09: Journey Together","N's Zorua","","097/159","Common","Near Mint","0.18","0.14","1.3600","0.0500","0","0","0.1500",""
"8608529","Pokemon","SV09: Journey Together","Noibat - 127/159","","127/159","Common","Near Mint Reverse Holofoil","0.21","0.15","1.3600","0.0500","1","0","0.1500",""
"8608899","Pokemon","SV09: Journey Together","Noibat - 169/159","","169/159","Illustration Rare","Near Mint Holofoil","3.58","5.02","4.2000","2.8900","0","0","2.2500",""
"8607519","Pokemon","SV09: Journey Together","Nymble","","019/159","Common","Near Mint","0.09","0.03","1.3200","0.0100","2","0","0.1500",""
"8608659","Pokemon","SV09: Journey Together","Oinkologne","","140/159","Uncommon","Near Mint Reverse Holofoil","0.38","0.29","1.5100","0.2000","0","0","0.2000",""
"8608209","Pokemon","SV09: Journey Together","Paldean Wooper","","093/159","Common","Near Mint","0.08","0.05","1.3200","0.0100","2","0","0.1500",""
"8608259","Pokemon","SV09: Journey Together","Pangoro","","099/159","Uncommon","Near Mint","0.07","0.04","1.3200","0.0100","1","0","0.1500",""
"8607704","Pokemon","SV09: Journey Together","Pelipper","","039/159","Uncommon","Near Mint","0.06","0.03","1.3200","0.0100","3","0","0.1500",""
"8607394","Pokemon","SV09: Journey Together","Petilil","","006/159","Common","Near Mint","0.06","0.04","1.3200","0.0100","1","0","0.1500",""
"8607399","Pokemon","SV09: Journey Together","Petilil","","006/159","Common","Near Mint Reverse Holofoil","0.25","0.15","1.3600","0.0500","1","0","0.1500",""
"8608064","Pokemon","SV09: Journey Together","Piloswine","","078/159","Common","Near Mint","0.17","0.10","1.3200","0.0100","1","0","0.1500",""
"8608069","Pokemon","SV09: Journey Together","Piloswine","","078/159","Common","Near Mint Reverse Holofoil","0.24","0.15","1.3300","0.0200","0","0","0.1500",""
"8608794","Pokemon","SV09: Journey Together","Postwick","","154/159","Uncommon","Near Mint","0.05","0.05","1.3200","0.0100","1","0","0.1500",""
"8608809","Pokemon","SV09: Journey Together","Professor's Research","","155/159","Common","Near Mint Reverse Holofoil","0.43","0.50","1.4100","0.1000","0","0","0.1500",""
"8607734","Pokemon","SV09: Journey Together","Regice","","042/159","Uncommon","Near Mint","0.13","0.07","1.3200","0.0100","1","0","0.1500",""
"8607644","Pokemon","SV09: Journey Together","Remoraid","","033/159","Common","Near Mint","0.14","0.04","1.3200","0.0100","1","0","0.1500",""
"8607649","Pokemon","SV09: Journey Together","Remoraid","","033/159","Common","Near Mint Reverse Holofoil","0.19","0.20","1.3300","0.0200","1","0","0.1500",""
"8607624","Pokemon","SV09: Journey Together","Reshiram ex","","030/159","Double Rare","Near Mint Holofoil","0.64","0.92","1.5600","0.2500","0","0","0.2800",""
"8608824","Pokemon","SV09: Journey Together","Ruffian - 157/159","","157/159","Uncommon","Near Mint","0.13","0.10","1.3200","0.0100","1","0","0.1500",""
"8608404","Pokemon","SV09: Journey Together","Salamence ex - 114/159","","114/159","Double Rare","Near Mint Holofoil","0.62","0.99","1.6600","0.3500","0","0","0.2400",""
"8608399","Pokemon","SV09: Journey Together","Shelgon","","113/159","Common","Near Mint Reverse Holofoil","0.21","0.15","1.3200","0.0100","1","0","0.1500",""
"8607449","Pokemon","SV09: Journey Together","Shelmet","","012/159","Common","Near Mint","0.07","0.04","1.3200","0.0100","1","0","0.1500",""
"8607454","Pokemon","SV09: Journey Together","Shelmet","","012/159","Common","Near Mint Reverse Holofoil","0.18","0.14","1.3200","0.0100","1","0","0.1500",""
"8608564","Pokemon","SV09: Journey Together","Skwovet","","131/159","Common","Near Mint","0.09","0.05","1.3200","0.0100","1","0","0.1500",""
"8608844","Pokemon","SV09: Journey Together","Spiky Energy - 159/159","","159/159","Uncommon","Near Mint","0.15","0.10","1.3200","0.0100","1","0","0.1500",""
"8607489","Pokemon","SV09: Journey Together","Sprigatito","","016/159","Common","Near Mint","0.14","0.07","1.3200","0.0100","1","0","0.1500",""
"8607819","Pokemon","SV09: Journey Together","Tapu Koko ex","","051/159","Double Rare","Near Mint Holofoil","0.54","0.99","1.5600","0.2500","0","0","0.1900",""
"8608169","Pokemon","SV09: Journey Together","Toedscruel","","089/159","Uncommon","Near Mint","0.05","0.02","1.3200","0.0100","1","0","0.1500",""
"8607809","Pokemon","SV09: Journey Together","Togedemaru","","050/159","Common","Near Mint","0.12","0.07","1.3200","0.0100","1","0","0.1500",""
"8607549","Pokemon","SV09: Journey Together","Torchic","","022/159","Common","Near Mint","0.11","0.06","1.3200","0.0100","1","0","0.1500",""
"8608484","Pokemon","SV09: Journey Together","Tropius","","123/159","Common","Near Mint","0.10","0.07","1.3200","0.0100","2","0","0.1500",""
"8607479","Pokemon","SV09: Journey Together","Virizion","","015/159","Uncommon","Near Mint","0.05","0.04","1.3200","0.0100","1","0","0.1500",""
"8608909","Pokemon","SV09: Journey Together","Volcanion ex - 171/159","","171/159","Ultra Rare","Near Mint Holofoil","0.99","","1.8100","0.5000","0","0","0.5000",""
"8607714","Pokemon","SV09: Journey Together","Wailmer","","040/159","Common","Near Mint","0.04","0.04","1.3200","0.0100","1","0","0.1500",""
"8726908","Pokemon","SV10: Destined Rivals","Abomasnow","","060/182","Uncommon","Near Mint","0.14","0.07","1.3200","0.0100","3","0","0.1500",""
"8727168","Pokemon","SV10: Destined Rivals","Annihilape","","092/182","Rare","Near Mint Holofoil","0.14","0.10","1.3200","0.0100","0","0","0.1500",""
"8726608","Pokemon","SV10: Destined Rivals","Applin","","016/182","Common","Near Mint","0.14","0.10","1.3200","0.0100","3","0","0.1500",""
"8726613","Pokemon","SV10: Destined Rivals","Applin","","016/182","Common","Near Mint Reverse Holofoil","0.22","0.18","1.3300","0.0200","1","0","0.1500",""
"8690996","Pokemon","SV10: Destined Rivals","Arboliva ex","","023/182","Double Rare","Near Mint Holofoil","0.57","0.99","1.4600","0.1500","0","0","0.1500",""
"8726693","Pokemon","SV10: Destined Rivals","Arcanine","","028/182","Uncommon","Near Mint","0.13","0.09","1.3200","0.0100","3","0","0.1500",""
"8726928","Pokemon","SV10: Destined Rivals","Arrokuda","","062/182","Common","Near Mint","0.08","0.06","1.3200","0.0100","2","0","0.1500",""
"8727738","Pokemon","SV10: Destined Rivals","Arven's Greedent - 159/182","","159/182","Rare","Near Mint Holofoil","0.11","0.08","1.3200","0.0100","0","0","0.1500",""
"8727588","Pokemon","SV10: Destined Rivals","Arven's Maschiff","","138/182","Common","Near Mint","0.08","0.04","1.3200","0.0100","5","0","0.1500",""
"8727593","Pokemon","SV10: Destined Rivals","Arven's Maschiff","","138/182","Common","Near Mint Reverse Holofoil","0.22","0.15","1.3200","0.0100","1","0","0.1500",""
"8727758","Pokemon","SV10: Destined Rivals","Arven's Sandwich","","161/182","Uncommon","Near Mint","0.08","0.05","1.3200","0.0100","3","0","0.1500",""
"8727728","Pokemon","SV10: Destined Rivals","Arven's Skwovet","","158/182","Common","Near Mint","0.09","0.04","1.3200","0.0100","6","0","0.1500",""
"8727733","Pokemon","SV10: Destined Rivals","Arven's Skwovet","","158/182","Common","Near Mint Reverse Holofoil","0.21","0.13","1.3200","0.0100","3","0","0.1500",""
"8727318","Pokemon","SV10: Destined Rivals","Arven's Toedscool","","109/182","Common","Near Mint","0.09","0.05","1.3200","0.0100","8","0","0.1500",""
"8727328","Pokemon","SV10: Destined Rivals","Arven's Toedscruel","","110/182","Uncommon","Near Mint","0.08","0.06","1.3200","0.0100","5","0","0.1500",""
"8727333","Pokemon","SV10: Destined Rivals","Arven's Toedscruel","","110/182","Uncommon","Near Mint Reverse Holofoil","0.32","0.33","1.4100","0.1000","0","0","0.1500",""
"8726938","Pokemon","SV10: Destined Rivals","Barraskewda","","063/182","Uncommon","Near Mint","0.10","0.05","1.3200","0.0100","3","0","0.1500",""
"8726788","Pokemon","SV10: Destined Rivals","Blaziken - 042/182","","042/182","Rare","Near Mint Holofoil","0.16","0.14","1.3200","0.0100","0","0","0.1500",""
"8726528","Pokemon","SV10: Destined Rivals","Breloom","","006/182","Common","Near Mint","0.13","0.09","1.3200","0.0100","3","0","0.1500",""
"8726878","Pokemon","SV10: Destined Rivals","Buizel","","057/182","Common","Near Mint","0.16","0.10","1.3200","0.0100","1","0","0.1500",""
"8726883","Pokemon","SV10: Destined Rivals","Buizel","","057/182","Common","Near Mint Reverse Holofoil","0.27","0.20","1.3200","0.0100","0","0","0.1500",""
"8726958","Pokemon","SV10: Destined Rivals","Cetitan ex - 065/182","","065/182","Double Rare","Near Mint Holofoil","0.48","0.75","1.5500","0.2400","0","0","0.2000",""
"8726948","Pokemon","SV10: Destined Rivals","Cetoddle","","064/182","Common","Near Mint","0.12","0.06","1.3200","0.0100","4","0","0.1500",""
"8726953","Pokemon","SV10: Destined Rivals","Cetoddle","","064/182","Common","Near Mint Reverse Holofoil","0.19","0.14","1.3600","0.0500","0","0","0.1500",""
"8726848","Pokemon","SV10: Destined Rivals","Clamperl - 054/182","","054/182","Common","Near Mint","0.12","0.08","1.3200","0.0100","1","0","0.1500",""
"8726778","Pokemon","SV10: Destined Rivals","Combusken","","041/182","Common","Near Mint","0.13","0.12","1.3200","0.0100","2","0","0.1500",""
"8727338","Pokemon","SV10: Destined Rivals","Cornerstone Mask Ogerpon","","111/182","Uncommon","Near Mint","0.16","0.07","1.3200","0.0100","6","0","0.1500",""
"8726568","Pokemon","SV10: Destined Rivals","Crustle - 012/182","","012/182","Rare","Near Mint Holofoil","0.17","0.13","1.3200","0.0100","0","0","0.1500",""
"8726828","Pokemon","SV10: Destined Rivals","Cynthia's Feebas","","052/182","Common","Near Mint","0.15","0.13","1.3200","0.0100","1","0","0.1500",""
"8727263","Pokemon","SV10: Destined Rivals","Cynthia's Gabite","","103/182","Common","Near Mint","0.21","0.15","1.3600","0.0500","0","0","0.1500",""
"8727253","Pokemon","SV10: Destined Rivals","Cynthia's Gible","","102/182","Common","Near Mint","0.14","0.10","1.3200","0.0100","0","0","0.1500",""
"8727258","Pokemon","SV10: Destined Rivals","Cynthia's Gible","","102/182","Common","Near Mint Reverse Holofoil","0.88","2.44","1.5000","0.1900","0","0","0.1500",""
"8726838","Pokemon","SV10: Destined Rivals","Cynthia's Milotic","","053/182","Uncommon","Near Mint","0.17","0.10","1.3200","0.0100","5","0","0.1500",""
"8727768","Pokemon","SV10: Destined Rivals","Cynthia's Power Weight","","162/182","Uncommon","Near Mint","0.13","0.10","1.3200","0.0100","0","0","0.1500",""
"8690956","Pokemon","SV10: Destined Rivals","Cynthia's Roselia","","007/182","Common","Near Mint","0.20","0.15","1.3200","0.0100","4","0","0.1500",""
"8690966","Pokemon","SV10: Destined Rivals","Cynthia's Roserade","","008/182","Rare","Near Mint Holofoil","0.21","0.15","1.3200","0.0100","0","0","0.1500",""
"8690971","Pokemon","SV10: Destined Rivals","Cynthia's Roserade","","008/182","Rare","Near Mint Reverse Holofoil","0.34","0.42","1.3700","0.0600","0","0","0.1500",""
"8727508","Pokemon","SV10: Destined Rivals","Cynthia's Spiritomb","","129/182","Uncommon","Near Mint","0.19","0.10","1.3200","0.0100","2","0","0.1500",""
"8726618","Pokemon","SV10: Destined Rivals","Dipplin","","017/182","Common","Near Mint","0.15","0.10","1.3200","0.0100","2","0","0.1500",""
"8726623","Pokemon","SV10: Destined Rivals","Dipplin","","017/182","Common","Near Mint Reverse Holofoil","0.21","0.14","1.3200","0.0100","1","0","0.1500",""
"8690986","Pokemon","SV10: Destined Rivals","Dolliv","","022/182","Common","Near Mint","0.12","0.10","1.3200","0.0100","1","0","0.1500",""
"8690991","Pokemon","SV10: Destined Rivals","Dolliv","","022/182","Common","Near Mint Reverse Holofoil","0.19","0.15","1.3200","0.0100","1","0","0.1500",""
"8726558","Pokemon","SV10: Destined Rivals","Dwebble","","011/182","Common","Near Mint","0.16","0.10","1.3200","0.0100","0","0","0.1500",""
"8726563","Pokemon","SV10: Destined Rivals","Dwebble","","011/182","Common","Near Mint Reverse Holofoil","0.23","0.16","1.3300","0.0200","1","0","0.1500",""
"8726978","Pokemon","SV10: Destined Rivals","Electabuzz","","068/182","Common","Near Mint","0.07","0.05","1.3200","0.0100","8","0","0.1500",""
"8727013","Pokemon","SV10: Destined Rivals","Electrike - 075/182","","075/182","Common","Near Mint","0.14","0.10","1.3200","0.0100","1","0","0.1500",""
"8727018","Pokemon","SV10: Destined Rivals","Electrike - 075/182","","075/182","Common","Near Mint Reverse Holofoil","0.22","0.15","1.3200","0.0100","1","0","0.1500",""
"8727778","Pokemon","SV10: Destined Rivals","Emcee's Hype - 163/182","","163/182","Common","Near Mint","0.17","0.09","1.3200","0.0100","2","0","0.1500",""
"8727783","Pokemon","SV10: Destined Rivals","Emcee's Hype - 163/182","","163/182","Common","Near Mint Reverse Holofoil","0.19","0.10","1.3200","0.0100","1","0","0.1500",""
"8727788","Pokemon","SV10: Destined Rivals","Energy Recycler","","164/182","Uncommon","Near Mint","0.20","0.14","1.3200","0.0100","0","0","0.1500",""
"8727798","Pokemon","SV10: Destined Rivals","Ethan's Adventure - 165/182","","165/182","Uncommon","Near Mint","0.15","0.10","1.3200","0.0100","5","0","0.1500",""
"8727803","Pokemon","SV10: Destined Rivals","Ethan's Adventure - 165/182","","165/182","Uncommon","Near Mint Reverse Holofoil","0.28","0.19","1.3200","0.0100","0","0","0.1500",""
"8726723","Pokemon","SV10: Destined Rivals","Ethan's Cyndaquil","","032/182","Common","Near Mint","0.12","0.08","1.3200","0.0100","7","0","0.1500",""
"8726728","Pokemon","SV10: Destined Rivals","Ethan's Cyndaquil","","032/182","Common","Near Mint Reverse Holofoil","0.22","0.16","1.3600","0.0500","0","0","0.1500",""
"8691026","Pokemon","SV10: Destined Rivals","Ethan's Magcargo","","036/182","Rare","Near Mint Holofoil","0.22","0.15","1.3200","0.0100","0","0","0.1500",""
"8691106","Pokemon","SV10: Destined Rivals","Ethan's Pichu","","071/182","Common","Near Mint","0.20","0.10","1.3200","0.0100","2","0","0.1500",""
"8691111","Pokemon","SV10: Destined Rivals","Ethan's Pichu","","071/182","Common","Near Mint Reverse Holofoil","0.27","0.20","1.3400","0.0300","0","0","0.1500",""
"8726483","Pokemon","SV10: Destined Rivals","Ethan's Pinsir","","001/182","Uncommon","Near Mint","0.18","0.10","1.3200","0.0100","1","0","0.1500",""
"8726733","Pokemon","SV10: Destined Rivals","Ethan's Quilava","","033/182","Common","Near Mint","0.17","0.15","1.3200","0.0100","0","0","0.1500",""
"8726737","Pokemon","SV10: Destined Rivals","Ethan's Quilava","","033/182","Common","Damaged","0.27","","1.4800","0.1700","0","0","0.1900",""
"8726738","Pokemon","SV10: Destined Rivals","Ethan's Quilava","","033/182","Common","Near Mint Reverse Holofoil","0.27","0.25","1.3300","0.0200","1","0","0.1500",""
"8691016","Pokemon","SV10: Destined Rivals","Ethan's Slugma","","035/182","Common","Near Mint","0.10","0.07","1.3200","0.0100","5","0","0.1500",""
"8727178","Pokemon","SV10: Destined Rivals","Ethan's Sudowoodo","","093/182","Common","Near Mint","0.12","0.07","1.3200","0.0100","1","0","0.1500",""
"8727183","Pokemon","SV10: Destined Rivals","Ethan's Sudowoodo","","093/182","Common","Near Mint Reverse Holofoil","0.26","0.17","1.3300","0.0200","1","0","0.1500",""
"8691006","Pokemon","SV10: Destined Rivals","Ethan's Typhlosion","","034/182","Rare","Near Mint Holofoil","0.29","0.28","1.3200","0.0100","0","0","0.1500",""
"8726888","Pokemon","SV10: Destined Rivals","Floatzel","","058/182","Uncommon","Near Mint","0.14","0.06","1.3200","0.0100","2","0","0.1500",""
"8726893","Pokemon","SV10: Destined Rivals","Floatzel","","058/182","Uncommon","Near Mint Reverse Holofoil","0.29","0.20","1.3900","0.0800","0","0","0.1500",""
"8726583","Pokemon","SV10: Destined Rivals","Fomantis","","013/182","Common","Near Mint Reverse Holofoil","0.23","0.15","1.3200","0.0100","1","0","0.1500",""
"8727603","Pokemon","SV10: Destined Rivals","Forretress","","140/182","Uncommon","Near Mint","0.08","0.05","1.3200","0.0100","5","0","0.1500",""
"8727608","Pokemon","SV10: Destined Rivals","Forretress","","140/182","Uncommon","Near Mint Reverse Holofoil","0.30","0.29","1.4000","0.0900","0","0","0.1500",""
"8726868","Pokemon","SV10: Destined Rivals","Gorebyss","","056/182","Rare","Near Mint Holofoil","0.13","0.12","1.3200","0.0100","2","0","0.1500",""
"8726873","Pokemon","SV10: Destined Rivals","Gorebyss","","056/182","Rare","Near Mint Reverse Holofoil","0.28","0.36","1.4100","0.1000","0","0","0.1500",""
"8727808","Pokemon","SV10: Destined Rivals","Granite Cave","","166/182","Uncommon","Near Mint","0.09","0.05","1.3200","0.0100","4","0","0.1500",""
"8727813","Pokemon","SV10: Destined Rivals","Granite Cave","","166/182","Uncommon","Near Mint Reverse Holofoil","0.21","0.12","1.3200","0.0100","0","0","0.1500",""
"8726683","Pokemon","SV10: Destined Rivals","Growlithe","","027/182","Common","Near Mint","0.19","0.10","1.3200","0.0100","3","0","0.1500",""
"8726688","Pokemon","SV10: Destined Rivals","Growlithe","","027/182","Common","Near Mint Reverse Holofoil","0.23","0.23","1.3300","0.0200","0","0","0.1500",""
"8726808","Pokemon","SV10: Destined Rivals","Hearthflame Mask Ogerpon","","044/182","Uncommon","Near Mint","0.11","0.08","1.3200","0.0100","5","0","0.1500",""
"8726798","Pokemon","SV10: Destined Rivals","Heat Rotom","","043/182","Common","Near Mint","0.19","0.10","1.3200","0.0100","2","0","0.1500",""
"8726803","Pokemon","SV10: Destined Rivals","Heat Rotom","","043/182","Common","Near Mint Reverse Holofoil","0.23","0.18","1.3200","0.0100","1","0","0.1500",""
"8727278","Pokemon","SV10: Destined Rivals","Hippopotas","","105/182","Common","Near Mint","0.12","0.07","1.3200","0.0100","1","0","0.1500",""
"8727283","Pokemon","SV10: Destined Rivals","Hippopotas","","105/182","Common","Near Mint Reverse Holofoil","0.27","0.19","1.3200","0.0100","1","0","0.1500",""
"8727288","Pokemon","SV10: Destined Rivals","Hippowdon","","106/182","Uncommon","Near Mint","0.11","0.07","1.3200","0.0100","4","0","0.1500",""
"8726858","Pokemon","SV10: Destined Rivals","Huntail","","055/182","Uncommon","Near Mint","0.15","0.08","1.3200","0.0100","4","0","0.1500",""
"8726628","Pokemon","SV10: Destined Rivals","Hydrapple - 018/182","","018/182","Rare","Near Mint Holofoil","0.23","0.12","1.3200","0.0100","0","0","0.1500",""
"8727688","Pokemon","SV10: Destined Rivals","Kangaskhan - 151/182","","151/182","Common","Near Mint","0.16","0.10","1.3200","0.0100","3","0","0.1500",""
"8727693","Pokemon","SV10: Destined Rivals","Kangaskhan - 151/182","","151/182","Common","Near Mint Reverse Holofoil","0.18","0.13","1.3200","0.0100","1","0","0.1500",""
"8726588","Pokemon","SV10: Destined Rivals","Lurantis","","014/182","Uncommon","Near Mint","0.12","0.07","1.3200","0.0100","5","0","0.1500",""
"8727023","Pokemon","SV10: Destined Rivals","Manectric","","076/182","Uncommon","Near Mint","0.07","0.05","1.3200","0.0100","4","0","0.1500",""
"8727148","Pokemon","SV10: Destined Rivals","Mankey","","090/182","Common","Near Mint","0.10","0.06","1.3200","0.0100","3","0","0.1500",""
"8727153","Pokemon","SV10: Destined Rivals","Mankey","","090/182","Common","Near Mint Reverse Holofoil","0.23","0.17","1.3200","0.0100","1","0","0.1500",""
"8727558","Pokemon","SV10: Destined Rivals","Marnie's Impidimp","","134/182","Common","Near Mint","0.11","","1.3200","0.0100","0","0","0.1500",""
"8727528","Pokemon","SV10: Destined Rivals","Marnie's Liepard","","131/182","Uncommon","Near Mint","0.15","0.06","1.3200","0.0100","3","0","0.1500",""
"8727568","Pokemon","SV10: Destined Rivals","Marnie's Morgrem","","135/182","Uncommon","Near Mint","0.18","0.12","1.3200","0.0100","0","0","0.1500",""
"8727573","Pokemon","SV10: Destined Rivals","Marnie's Morgrem","","135/182","Uncommon","Near Mint Reverse Holofoil","0.59","0.72","1.4100","0.1000","0","0","0.1500",""
"8727578","Pokemon","SV10: Destined Rivals","Marnie's Morpeko","","137/182","Common","Near Mint","0.19","0.10","1.3200","0.0100","4","0","0.1500",""
"8727518","Pokemon","SV10: Destined Rivals","Marnie's Purrloin","","130/182","Common","Near Mint","0.25","0.10","1.3200","0.0100","2","0","0.1500",""
"8727548","Pokemon","SV10: Destined Rivals","Marnie's Scrafty","","133/182","Uncommon","Near Mint","0.12","0.06","1.3200","0.0100","8","0","0.1500",""
"8727538","Pokemon","SV10: Destined Rivals","Marnie's Scraggy","","132/182","Common","Near Mint","0.10","0.06","1.3200","0.0100","4","0","0.1500",""
"8727238","Pokemon","SV10: Destined Rivals","Medicham","","100/182","Uncommon","Near Mint","0.05","0.04","1.3200","0.0100","4","0","0.1500",""
"8727228","Pokemon","SV10: Destined Rivals","Meditite","","099/182","Common","Near Mint","0.16","0.09","1.3200","0.0100","2","0","0.1500",""
"8727233","Pokemon","SV10: Destined Rivals","Meditite","","099/182","Common","Near Mint Reverse Holofoil","0.23","0.14","1.3200","0.0100","1","0","0.1500",""
"8691076","Pokemon","SV10: Destined Rivals","Misty's Gyarados","","049/182","Rare","Near Mint Holofoil","0.29","0.25","1.3200","0.0100","0","0","0.1500",""
"8691086","Pokemon","SV10: Destined Rivals","Misty's Lapras","","050/182","Common","Near Mint","0.27","0.10","1.3200","0.0100","1","0","0.1500",""
"8691066","Pokemon","SV10: Destined Rivals","Misty's Magikarp","","048/182","Common","Near Mint","0.19","0.09","1.3200","0.0100","4","0","0.1500",""
"8691071","Pokemon","SV10: Destined Rivals","Misty's Magikarp","","048/182","Common","Near Mint Reverse Holofoil","0.34","0.24","1.4800","0.1700","0","0","0.1500",""
"8691036","Pokemon","SV10: Destined Rivals","Misty's Psyduck","","045/182","Uncommon","Near Mint","0.25","0.10","1.3200","0.0100","0","0","0.1500",""
"8691041","Pokemon","SV10: Destined Rivals","Misty's Psyduck","","045/182","Uncommon","Near Mint Reverse Holofoil","0.60","0.78","1.4600","0.1500","0","0","0.1500",""
"8728008","Pokemon","SV10: Destined Rivals","Misty's Psyduck - 193/182","","193/182","Illustration Rare","Near Mint Holofoil","53.60","67.49","49.5400","49.5400","0","0","44.6000",""
"8691056","Pokemon","SV10: Destined Rivals","Misty's Starmie","","047/182","Uncommon","Near Mint","0.17","0.08","1.3200","0.0100","6","0","0.1500",""
"8691046","Pokemon","SV10: Destined Rivals","Misty's Staryu","","046/182","Common","Near Mint","0.16","0.07","1.3200","0.0100","5","0","0.1500",""
"8691051","Pokemon","SV10: Destined Rivals","Misty's Staryu","","046/182","Common","Near Mint Reverse Holofoil","0.30","0.29","1.4600","0.1500","1","0","0.1500",""
"8726538","Pokemon","SV10: Destined Rivals","Mow Rotom","","009/182","Common","Near Mint","0.17","0.10","1.3200","0.0100","2","0","0.1500",""
"8727298","Pokemon","SV10: Destined Rivals","Mudbray","","107/182","Common","Near Mint","0.10","0.07","1.3200","0.0100","3","0","0.1500",""
"8727308","Pokemon","SV10: Destined Rivals","Mudsdale","","108/182","Uncommon","Near Mint","0.11","0.06","1.3200","0.0100","2","0","0.1500",""
"8727313","Pokemon","SV10: Destined Rivals","Mudsdale","","108/182","Uncommon","Near Mint Reverse Holofoil","0.32","0.32","1.3900","0.0800","0","0","0.1500",""
"8727208","Pokemon","SV10: Destined Rivals","Nosepass","","097/182","Common","Near Mint","0.12","0.07","1.3200","0.0100","2","0","0.1500",""
"8727213","Pokemon","SV10: Destined Rivals","Nosepass","","097/182","Common","Near Mint Reverse Holofoil","0.24","0.14","1.3300","0.0200","1","0","0.1500",""
"8726508","Pokemon","SV10: Destined Rivals","Pineco","","004/182","Common","Near Mint","0.15","0.10","1.3200","0.0100","2","0","0.1500",""
"8726703","Pokemon","SV10: Destined Rivals","Ponyta","","029/182","Common","Near Mint","0.17","0.10","1.3200","0.0100","4","0","0.1500",""
"8726708","Pokemon","SV10: Destined Rivals","Ponyta","","029/182","Common","Near Mint Reverse Holofoil","0.25","0.15","1.3500","0.0400","0","0","0.1500",""
"8727158","Pokemon","SV10: Destined Rivals","Primeape","","091/182","Common","Near Mint","0.21","0.10","1.3200","0.0100","2","0","0.1500",""
"8727163","Pokemon","SV10: Destined Rivals","Primeape","","091/182","Common","Near Mint Reverse Holofoil","0.27","0.14","1.3300","0.0200","1","0","0.1500",""
"8727218","Pokemon","SV10: Destined Rivals","Probopass","","098/182","Uncommon","Near Mint","0.10","0.05","1.3200","0.0100","5","0","0.1500",""
"8726668","Pokemon","SV10: Destined Rivals","Rabsca ex","","025/182","Double Rare","Near Mint Holofoil","0.53","0.78","1.4100","0.1000","0","0","0.1500",""
"8726713","Pokemon","SV10: Destined Rivals","Rapidash - 030/182","","030/182","Uncommon","Near Mint","0.12","0.10","1.3200","0.0100","5","0","0.1500",""
"8727248","Pokemon","SV10: Destined Rivals","Regirock ex - 101/182","","101/182","Double Rare","Near Mint Holofoil","0.54","0.73","1.4100","0.1000","0","0","0.1500",""
"8726658","Pokemon","SV10: Destined Rivals","Rellor","","024/182","Common","Near Mint","0.17","0.05","1.3200","0.0100","4","0","0.1500",""
"8726663","Pokemon","SV10: Destined Rivals","Rellor","","024/182","Common","Near Mint Reverse Holofoil","0.17","0.15","1.3200","0.0100","0","0","0.1500",""
"8727033","Pokemon","SV10: Destined Rivals","Rotom - 077/182","","077/182","Common","Near Mint","0.15","0.10","1.3200","0.0100","0","0","0.1500",""
"8727828","Pokemon","SV10: Destined Rivals","Sacred Ash","","168/182","Uncommon","Near Mint","0.20","0.10","1.3200","0.0100","0","0","0.1500",""
"8727833","Pokemon","SV10: Destined Rivals","Sacred Ash","","168/182","Uncommon","Near Mint Reverse Holofoil","0.26","0.19","1.3200","0.0100","0","0","0.1500",""
"8726548","Pokemon","SV10: Destined Rivals","Shaymin - 010/182","","010/182","Uncommon","Near Mint","0.21","0.15","1.3400","0.0300","0","0","0.1500",""
"8726553","Pokemon","SV10: Destined Rivals","Shaymin - 010/182","","010/182","Uncommon","Near Mint Reverse Holofoil","0.67","0.86","1.5000","0.1900","0","0","0.1500",""
"8726518","Pokemon","SV10: Destined Rivals","Shroomish","","005/182","Common","Near Mint","0.12","0.08","1.3200","0.0100","6","0","0.1500",""
"8726523","Pokemon","SV10: Destined Rivals","Shroomish","","005/182","Common","Near Mint Reverse Holofoil","0.19","0.14","1.3200","0.0100","1","0","0.1500",""
"8727613","Pokemon","SV10: Destined Rivals","Skarmory","","141/182","Common","Near Mint","0.10","0.07","1.3200","0.0100","4","0","0.1500",""
"8690976","Pokemon","SV10: Destined Rivals","Smoliv","","021/182","Common","Near Mint","0.11","0.07","1.3200","0.0100","6","0","0.1500",""
"8690981","Pokemon","SV10: Destined Rivals","Smoliv","","021/182","Common","Near Mint Reverse Holofoil","0.21","0.20","1.3200","0.0100","1","0","0.1500",""
"8726898","Pokemon","SV10: Destined Rivals","Snover","","059/182","Common","Near Mint","0.18","0.10","1.3200","0.0100","1","0","0.1500",""
"8726903","Pokemon","SV10: Destined Rivals","Snover","","059/182","Common","Near Mint Reverse Holofoil","0.23","0.14","1.3200","0.0100","0","0","0.1500",""
"8691196","Pokemon","SV10: Destined Rivals","Spikemuth Gym","","169/182","Uncommon","Near Mint","0.22","","1.3200","0.0100","0","0","0.1500",""
"8727748","Pokemon","SV10: Destined Rivals","Squawkabilly","","160/182","Common","Near Mint","0.12","0.08","1.3200","0.0100","1","0","0.1500",""
"8727753","Pokemon","SV10: Destined Rivals","Squawkabilly","","160/182","Common","Near Mint Reverse Holofoil","0.18","0.15","1.3200","0.0100","2","0","0.1500",""
"8727088","Pokemon","SV10: Destined Rivals","Steven's Baltoy","","083/182","Common","Near Mint","0.15","0.07","1.3200","0.0100","3","0","0.1500",""
"8727633","Pokemon","SV10: Destined Rivals","Steven's Beldum","","143/182","Common","Near Mint","0.13","0.09","1.3200","0.0100","4","0","0.1500",""
"8727118","Pokemon","SV10: Destined Rivals","Steven's Carbink","","086/182","Common","Near Mint","0.15","0.10","1.3200","0.0100","3","0","0.1500",""
"8727098","Pokemon","SV10: Destined Rivals","Steven's Claydol","","084/182","Uncommon","Near Mint","0.12","0.06","1.3200","0.0100","4","0","0.1500",""
"8727643","Pokemon","SV10: Destined Rivals","Steven's Metang","","144/182","Uncommon","Near Mint","0.18","0.08","1.3200","0.0100","6","0","0.1500",""
"8727623","Pokemon","SV10: Destined Rivals","Steven's Skarmory","","142/182","Common","Near Mint","0.12","0.08","1.3200","0.0100","5","0","0.1500",""
"8727628","Pokemon","SV10: Destined Rivals","Steven's Skarmory","","142/182","Common","Near Mint Reverse Holofoil","0.21","0.18","1.3300","0.0200","0","0","0.1500",""
"8727718","Pokemon","SV10: Destined Rivals","Swellow","","157/182","Common","Near Mint","0.15","0.08","1.3200","0.0100","3","0","0.1500",""
"8727723","Pokemon","SV10: Destined Rivals","Swellow","","157/182","Common","Near Mint Reverse Holofoil","0.17","0.15","1.3200","0.0100","3","0","0.1500",""
"8727708","Pokemon","SV10: Destined Rivals","Taillow","","156/182","Common","Near Mint","0.18","0.10","1.3200","0.0100","1","0","0.1500",""
"8727713","Pokemon","SV10: Destined Rivals","Taillow","","156/182","Common","Near Mint Reverse Holofoil","0.24","0.19","1.3400","0.0300","2","0","0.1500",""
"8727698","Pokemon","SV10: Destined Rivals","Tauros","","152/182","Common","Near Mint","0.15","0.10","1.3200","0.0100","3","0","0.1500",""
"8726673","Pokemon","SV10: Destined Rivals","Teal Mask Ogerpon","","026/182","Uncommon","Near Mint","0.14","0.10","1.3200","0.0100","5","0","0.1500",""
"8727003","Pokemon","SV10: Destined Rivals","Team Rocket's Ampharos","","074/182","Uncommon","Near Mint","0.16","0.10","1.3200","0.0100","4","0","0.1500",""
"8727008","Pokemon","SV10: Destined Rivals","Team Rocket's Ampharos","","074/182","Uncommon","Near Mint Reverse Holofoil","0.33","0.28","1.3500","0.0400","0","0","0.1500",""
"8727358","Pokemon","SV10: Destined Rivals","Team Rocket's Arbok","","113/182","Uncommon","Near Mint","0.18","0.10","1.3200","0.0100","1","0","0.1500",""
"8727838","Pokemon","SV10: Destined Rivals","Team Rocket's Archer - 170/182","","170/182","Uncommon","Near Mint","0.13","0.10","1.3200","0.0100","0","0","0.1500",""
"8727848","Pokemon","SV10: Destined Rivals","Team Rocket's Ariana - 171/182","","171/182","Uncommon","Near Mint","0.11","0.08","1.3200","0.0100","0","0","0.1500",""
"8727853","Pokemon","SV10: Destined Rivals","Team Rocket's Ariana - 171/182","","171/182","Uncommon","Near Mint Reverse Holofoil","0.35","0.33","1.3500","0.0400","0","0","0.1500",""
"8726818","Pokemon","SV10: Destined Rivals","Team Rocket's Articuno","","051/182","Rare","Near Mint Holofoil","0.20","0.15","1.3200","0.0100","0","0","0.1500",""
"8726823","Pokemon","SV10: Destined Rivals","Team Rocket's Articuno","","051/182","Rare","Near Mint Reverse Holofoil","0.33","0.25","1.4100","0.1000","0","0","0.1500",""
"8726598","Pokemon","SV10: Destined Rivals","Team Rocket's Blipbug","","015/182","Common","Near Mint","0.08","0.06","1.3200","0.0100","7","0","0.1500",""
"8726603","Pokemon","SV10: Destined Rivals","Team Rocket's Blipbug","","015/182","Common","Near Mint Reverse Holofoil","0.25","0.17","1.3200","0.0100","0","0","0.1500",""
"8727858","Pokemon","SV10: Destined Rivals","Team Rocket's Bother-Bot","","172/182","Uncommon","Near Mint","0.14","0.10","1.3200","0.0100","5","0","0.1500",""
"8727108","Pokemon","SV10: Destined Rivals","Team Rocket's Chingling","","085/182","Common","Near Mint","0.15","0.09","1.3200","0.0100","5","0","0.1500",""
"8727113","Pokemon","SV10: Destined Rivals","Team Rocket's Chingling","","085/182","Common","Near Mint Reverse Holofoil","0.24","0.18","1.3400","0.0300","0","0","0.1500",""
"8727128","Pokemon","SV10: Destined Rivals","Team Rocket's Dottler","","088/182","Common","Near Mint","0.13","0.09","1.3200","0.0100","3","0","0.1500",""
"8727053","Pokemon","SV10: Destined Rivals","Team Rocket's Drowzee","","079/182","Common","Near Mint","0.08","0.05","1.3200","0.0100","7","0","0.1500",""
"8727058","Pokemon","SV10: Destined Rivals","Team Rocket's Drowzee","","079/182","Common","Near Mint Reverse Holofoil","0.22","0.15","1.3200","0.0100","0","0","0.1500",""
"8727348","Pokemon","SV10: Destined Rivals","Team Rocket's Ekans","","112/182","Common","Near Mint","0.14","0.10","1.3200","0.0100","6","0","0.1500",""
"8727353","Pokemon","SV10: Destined Rivals","Team Rocket's Ekans","","112/182","Common","Near Mint Reverse Holofoil","0.23","0.19","1.3200","0.0100","1","0","0.1500",""
"8727948","Pokemon","SV10: Destined Rivals","Team Rocket's Energy","","182/182","Uncommon","Near Mint","0.20","","1.3600","0.0500","0","0","0.1500",""
"8727868","Pokemon","SV10: Destined Rivals","Team Rocket's Factory","","173/182","Uncommon","Near Mint","0.13","0.09","1.3200","0.0100","0","0","0.1500",""
"8726993","Pokemon","SV10: Destined Rivals","Team Rocket's Flaaffy","","073/182","Common","Near Mint","0.18","0.13","1.3200","0.0100","2","0","0.1500",""
"8726998","Pokemon","SV10: Destined Rivals","Team Rocket's Flaaffy","","073/182","Common","Near Mint Reverse Holofoil","0.21","0.19","1.3200","0.0100","0","0","0.1500",""
"8691206","Pokemon","SV10: Destined Rivals","Team Rocket's Giovanni","","174/182","Uncommon","Near Mint","0.18","0.15","1.3200","0.0100","0","0","0.1500",""
"8691211","Pokemon","SV10: Destined Rivals","Team Rocket's Giovanni","","174/182","Uncommon","Near Mint Reverse Holofoil","0.29","0.37","1.3500","0.0400","0","0","0.1500",""
"8727433","Pokemon","SV10: Destined Rivals","Team Rocket's Golbat","","121/182","Uncommon","Near Mint","0.12","0.09","1.3200","0.0100","4","0","0.1500",""
"8727878","Pokemon","SV10: Destined Rivals","Team Rocket's Great Ball","","175/182","Uncommon","Near Mint","0.14","0.10","1.3200","0.0100","0","0","0.1500",""
"8727883","Pokemon","SV10: Destined Rivals","Team Rocket's Great Ball","","175/182","Uncommon","Near Mint Reverse Holofoil","0.31","0.29","1.4000","0.0900","0","0","0.1500",""
"8727448","Pokemon","SV10: Destined Rivals","Team Rocket's Grimer","","123/182","Common","Near Mint","0.12","0.09","1.3200","0.0100","5","0","0.1500",""
"8727453","Pokemon","SV10: Destined Rivals","Team Rocket's Grimer","","123/182","Common","Near Mint Reverse Holofoil","0.24","0.20","1.3300","0.0200","1","0","0.1500",""
"8726753","Pokemon","SV10: Destined Rivals","Team Rocket's Houndoom - 038/182","","038/182","Uncommon","Near Mint","0.11","0.08","1.3200","0.0100","3","0","0.1500",""
"8726743","Pokemon","SV10: Destined Rivals","Team Rocket's Houndour","","037/182","Common","Near Mint","0.10","0.05","1.3200","0.0100","3","0","0.1500",""
"8726748","Pokemon","SV10: Destined Rivals","Team Rocket's Houndour","","037/182","Common","Near Mint Reverse Holofoil","0.20","0.15","1.3200","0.0100","1","0","0.1500",""
"8727063","Pokemon","SV10: Destined Rivals","Team Rocket's Hypno","","080/182","Uncommon","Near Mint","0.15","0.08","1.3200","0.0100","4","0","0.1500",""
"8727468","Pokemon","SV10: Destined Rivals","Team Rocket's Koffing","","125/182","Common","Near Mint","0.19","0.10","1.3200","0.0100","8","0","0.1500",""
"8727473","Pokemon","SV10: Destined Rivals","Team Rocket's Koffing","","125/182","Common","Near Mint Reverse Holofoil","0.23","0.16","1.3300","0.0200","0","0","0.1500",""
"8727188","Pokemon","SV10: Destined Rivals","Team Rocket's Larvitar","","094/182","Common","Near Mint","0.14","0.10","1.3200","0.0100","7","0","0.1500",""
"8691116","Pokemon","SV10: Destined Rivals","Team Rocket's Mareep","","072/182","Common","Near Mint","0.14","0.07","1.3200","0.0100","4","0","0.1500",""
"8691121","Pokemon","SV10: Destined Rivals","Team Rocket's Mareep","","072/182","Common","Near Mint Reverse Holofoil","0.21","0.17","1.3500","0.0400","2","0","0.1500",""
"8691156","Pokemon","SV10: Destined Rivals","Team Rocket's Meowth","","149/182","Common","Near Mint","0.13","0.08","1.3200","0.0100","7","0","0.1500",""
"8691161","Pokemon","SV10: Destined Rivals","Team Rocket's Meowth","","149/182","Common","Near Mint Reverse Holofoil","0.24","0.17","1.3200","0.0100","1","0","0.1500",""
"8691126","Pokemon","SV10: Destined Rivals","Team Rocket's Mimikyu","","087/182","Uncommon","Near Mint","0.18","0.14","1.3200","0.0100","0","0","0.1500",""
"8691001","Pokemon","SV10: Destined Rivals","Team Rocket's Moltres ex","","031/182","Double Rare","Near Mint Holofoil","0.74","0.92","1.5600","0.2500","0","0","0.2900",""
"8727458","Pokemon","SV10: Destined Rivals","Team Rocket's Muk","","124/182","Uncommon","Near Mint","0.22","0.10","1.3200","0.0100","7","0","0.1500",""
"8727463","Pokemon","SV10: Destined Rivals","Team Rocket's Muk","","124/182","Uncommon","Near Mint Reverse Holofoil","0.31","0.21","1.4300","0.1200","0","0","0.1500",""
"8727488","Pokemon","SV10: Destined Rivals","Team Rocket's Murkrow - 127/182","","127/182","Uncommon","Near Mint","0.17","0.10","1.3200","0.0100","3","0","0.1500",""
"8727418","Pokemon","SV10: Destined Rivals","Team Rocket's Nidoking ex - 119/182","","119/182","Double Rare","Near Mint Holofoil","0.67","","1.5100","0.2000","0","0","0.2000",""
"8727388","Pokemon","SV10: Destined Rivals","Team Rocket's Nidoqueen","","116/182","Uncommon","Near Mint","0.18","0.10","1.3200","0.0100","5","0","0.1500",""
"8727393","Pokemon","SV10: Destined Rivals","Team Rocket's Nidoqueen","","116/182","Uncommon","Near Mint Reverse Holofoil","0.34","0.33","1.4100","0.1000","0","0","0.1500",""
"8727368","Pokemon","SV10: Destined Rivals","Team Rocket's Nidoran F","","114/182","Common","Near Mint","0.12","0.08","1.3200","0.0100","5","0","0.1500",""
"8727373","Pokemon","SV10: Destined Rivals","Team Rocket's Nidoran F","","114/182","Common","Near Mint Reverse Holofoil","0.31","0.32","1.4100","0.1000","0","0","0.1500",""
"8727398","Pokemon","SV10: Destined Rivals","Team Rocket's Nidoran M","","117/182","Common","Near Mint","0.18","0.10","1.3200","0.0100","1","0","0.1500",""
"8727403","Pokemon","SV10: Destined Rivals","Team Rocket's Nidoran M","","117/182","Common","Near Mint Reverse Holofoil","0.33","0.33","1.4100","0.1000","0","0","0.1500",""
"8727378","Pokemon","SV10: Destined Rivals","Team Rocket's Nidorina","","115/182","Common","Near Mint","0.15","0.10","1.3200","0.0100","2","0","0.1500",""
"8727383","Pokemon","SV10: Destined Rivals","Team Rocket's Nidorina","","115/182","Common","Near Mint Reverse Holofoil","0.32","0.29","1.4900","0.1800","0","0","0.1500",""
"8727408","Pokemon","SV10: Destined Rivals","Team Rocket's Nidorino","","118/182","Common","Near Mint","0.22","0.15","1.3200","0.0100","0","0","0.1500",""
"8727138","Pokemon","SV10: Destined Rivals","Team Rocket's Orbeetle - 089/182","","089/182","Uncommon","Near Mint","0.12","0.07","1.3200","0.0100","4","0","0.1500",""
"8727683","Pokemon","SV10: Destined Rivals","Team Rocket's Persian ex - 150/182","","150/182","Double Rare","Near Mint Holofoil","0.82","1.00","1.5600","0.2500","0","0","0.2000",""
"8727888","Pokemon","SV10: Destined Rivals","Team Rocket's Petrel - 176/182","","176/182","Uncommon","Near Mint","0.18","","1.4000","0.0900","0","0","0.1500",""
"8691166","Pokemon","SV10: Destined Rivals","Team Rocket's Porygon","","153/182","Common","Near Mint","0.15","0.12","1.3200","0.0100","9","0","0.1500",""
"8691171","Pokemon","SV10: Destined Rivals","Team Rocket's Porygon","","153/182","Common","Near Mint Reverse Holofoil","0.23","0.23","1.3600","0.0500","0","0","0.1500",""
"8691186","Pokemon","SV10: Destined Rivals","Team Rocket's Porygon-Z","","155/182","Uncommon","Near Mint","0.12","0.09","1.3200","0.0100","1","0","0.1500",""
"8691176","Pokemon","SV10: Destined Rivals","Team Rocket's Porygon2","","154/182","Common","Near Mint","0.16","0.25","1.3600","0.0500","1","0","0.1500",""
"8727898","Pokemon","SV10: Destined Rivals","Team Rocket's Proton - 177/182","","177/182","Uncommon","Near Mint","0.10","0.07","1.3200","0.0100","0","0","0.1500",""
"8727198","Pokemon","SV10: Destined Rivals","Team Rocket's Pupitar","","095/182","Common","Near Mint","0.18","0.12","1.3200","0.0100","1","0","0.1500",""
"8727203","Pokemon","SV10: Destined Rivals","Team Rocket's Pupitar","","095/182","Common","Near Mint Reverse Holofoil","0.25","0.19","1.3200","0.0100","0","0","0.1500",""
"8727673","Pokemon","SV10: Destined Rivals","Team Rocket's Raticate - 148/182","","148/182","Common","Near Mint","0.13","0.08","1.3200","0.0100","2","0","0.1500",""
"8727663","Pokemon","SV10: Destined Rivals","Team Rocket's Rattata","","147/182","Common","Near Mint","0.13","0.07","1.3200","0.0100","3","0","0.1500",""
"8727498","Pokemon","SV10: Destined Rivals","Team Rocket's Sneasel","","128/182","Rare","Near Mint Holofoil","0.19","0.17","1.3200","0.0100","0","0","0.1500",""
"8726648","Pokemon","SV10: Destined Rivals","Team Rocket's Spidops - 020/182","","020/182","Rare","Near Mint Holofoil","0.20","0.18","1.3200","0.0100","0","0","0.1500",""
"8726638","Pokemon","SV10: Destined Rivals","Team Rocket's Tarountula","","019/182","Common","Near Mint","0.13","0.08","1.3200","0.0100","4","0","0.1500",""
"8727908","Pokemon","SV10: Destined Rivals","Team Rocket's Transceiver","","178/182","Uncommon","Near Mint","0.14","0.14","1.3200","0.0100","0","0","0.1500",""
"8691136","Pokemon","SV10: Destined Rivals","Team Rocket's Tyranitar","","096/182","Rare","Near Mint Holofoil","0.27","0.19","1.3200","0.0100","0","0","0.1500",""
"8727918","Pokemon","SV10: Destined Rivals","Team Rocket's Venture Bomb","","179/182","Uncommon","Near Mint","0.12","0.07","1.3200","0.0100","0","0","0.1500",""
"8727928","Pokemon","SV10: Destined Rivals","Team Rocket's Watchtower","","180/182","Uncommon","Near Mint","0.20","0.15","1.3600","0.0500","0","0","0.1500",""
"8727478","Pokemon","SV10: Destined Rivals","Team Rocket's Weezing - 126/182","","126/182","Uncommon","Near Mint","0.19","0.10","1.3200","0.0100","4","0","0.1500",""
"8727483","Pokemon","SV10: Destined Rivals","Team Rocket's Weezing - 126/182","","126/182","Uncommon","Near Mint Reverse Holofoil","0.31","0.31","1.3600","0.0500","0","0","0.1500",""
"8727078","Pokemon","SV10: Destined Rivals","Team Rocket's Wobbuffet","","082/182","Rare","Near Mint Holofoil","0.17","0.14","1.3200","0.0100","0","0","0.1500",""
"8691096","Pokemon","SV10: Destined Rivals","Team Rocket's Zapdos","","070/182","Rare","Near Mint Holofoil","0.21","0.15","1.3200","0.0100","0","0","0.1500",""
"8727423","Pokemon","SV10: Destined Rivals","Team Rocket's Zubat","","120/182","Common","Near Mint","0.11","0.07","1.3200","0.0100","8","0","0.1500",""
"8727428","Pokemon","SV10: Destined Rivals","Team Rocket's Zubat","","120/182","Common","Near Mint Reverse Holofoil","0.22","0.20","1.3200","0.0100","0","0","0.1500",""
"8727938","Pokemon","SV10: Destined Rivals","TM Machine","","181/182","Uncommon","Near Mint","0.21","0.15","1.3200","0.0100","3","0","0.1500",""
"8726768","Pokemon","SV10: Destined Rivals","Torchic","","040/182","Common","Near Mint","0.13","0.08","1.3200","0.0100","8","0","0.1500",""
"8726773","Pokemon","SV10: Destined Rivals","Torchic","","040/182","Common","Near Mint Reverse Holofoil","0.22","0.16","1.3200","0.0100","0","0","0.1500",""
"8726968","Pokemon","SV10: Destined Rivals","Wellspring Mask Ogerpon","","067/182","Uncommon","Near Mint","0.13","0.07","1.3200","0.0100","4","0","0.1500",""
"8726493","Pokemon","SV10: Destined Rivals","Yanma - 002/182","","002/182","Common","Near Mint","0.11","0.07","1.3200","0.0100","4","0","0.1500",""
"8726498","Pokemon","SV10: Destined Rivals","Yanma - 002/182","","002/182","Common","Near Mint Reverse Holofoil","0.19","0.14","1.3400","0.0300","2","0","0.1500",""
"8727653","Pokemon","SV10: Destined Rivals","Zamazenta - 146/182","","146/182","Rare","Near Mint Holofoil","0.15","0.10","1.3200","0.0100","0","0","0.1500",""
"8727043","Pokemon","SV10: Destined Rivals","Zeraora","","078/182","Rare","Near Mint Holofoil","0.16","0.11","1.3200","0.0100","0","0","0.1500",""
"5595006","Pokemon","SWSH10: Astral Radiance","Gardenia's Vigor","","143/189","Uncommon","Near Mint","0.17","0.07","1.3200","0.0100","1","0","0.1500",""
"5595286","Pokemon","SWSH10: Astral Radiance","Gardenia's Vigor (Full Art)","","184/189","Ultra Rare","Near Mint Holofoil","6.29","7.23","6.9500","6.9500","0","0","6.9500",""
"8960719","Weiss Schwarz","Azur Lane Vol. 2","Aircraft Carrier, Enterprise","","AZL/S119-E099 RR","Double Rare","Near Mint","1.03","","2.1100","0.8000","1","0","0.8700",""
"8959989","Weiss Schwarz","Azur Lane Vol. 2","Aircraft Carrier, Shinano (RR)","","AZL/S119-E038 RR","Double Rare","Near Mint","0.42","","1.4900","0.1800","1","0","0.2000",""
"8960949","Weiss Schwarz","Azur Lane Vol. 2","Alabama","","AZL/S119-E118 C","Common","Near Mint","0.09","","1.3200","0.0100","1","0","0.1500",""
"8959819","Weiss Schwarz","Azur Lane Vol. 2","Alsace","","AZL/S119-E023 C","Common","Near Mint","0.12","","1.3300","0.0200","1","0","0.1500",""
"8960969","Weiss Schwarz","Azur Lane Vol. 2","Astoria","","AZL/S119-E120 C","Common","Near Mint","0.09","","1.3200","0.0100","1","0","0.1500",""
"8960999","Weiss Schwarz","Azur Lane Vol. 2","Biloxi","","AZL/S119-E123 C","Common","Near Mint","0.08","","1.3300","0.0200","1","0","0.1500",""
"8960544","Weiss Schwarz","Azur Lane Vol. 2","Blucher","","AZL/S119-E083 C","Common","Near Mint","0.09","","1.3200","0.0100","1","0","0.1500",""
"8960889","Weiss Schwarz","Azur Lane Vol. 2","Chapayev","","AZL/S119-E112 U","Uncommon","Near Mint","0.11","","1.3200","0.0100","1","0","0.1500",""
"8959599","Weiss Schwarz","Azur Lane Vol. 2","Chen Hai","","AZL/S119-E005 R","Rare","Near Mint","0.16","","1.3500","0.0400","1","0","0.1500",""
"8960114","Weiss Schwarz","Azur Lane Vol. 2","Chitose","","AZL/S119-E046 U","Uncommon","Near Mint","0.10","","1.3300","0.0200","1","0","0.1500",""
"8960574","Weiss Schwarz","Azur Lane Vol. 2","Friedrich Carl","","AZL/S119-E086 C","Common","Near Mint","0.11","","1.3500","0.0400","1","0","0.1500",""
"8960919","Weiss Schwarz","Azur Lane Vol. 2","Guam","","AZL/S119-E115 U","Uncommon","Near Mint","0.13","","1.3300","0.0200","1","0","0.1500",""
"8960184","Weiss Schwarz","Azur Lane Vol. 2","Haguro","","AZL/S119-E053 U","Uncommon","Near Mint","0.07","","1.3200","0.0100","1","0","0.1500",""
"8959549","Weiss Schwarz","Azur Lane Vol. 2","Heavy Cruiser, Cheshire","","AZL/S119-E002 RR","Double Rare","Near Mint","0.89","","2.0400","0.7300","0","0","0.7300",""
"8959704","Weiss Schwarz","Azur Lane Vol. 2","Implacable","","AZL/S119-E012 R","Rare","Near Mint","0.21","","1.4500","0.1400","1","0","0.1500",""
"8959839","Weiss Schwarz","Azur Lane Vol. 2","Indomitable","","AZL/S119-E025 C","Common","Near Mint","0.10","","1.3200","0.0100","1","0","0.1500",""
"8960204","Weiss Schwarz","Azur Lane Vol. 2","Izumo","","AZL/S119-E055 C","Common","Near Mint","0.08","","1.3300","0.0200","1","0","0.1500",""
"8960814","Weiss Schwarz","Azur Lane Vol. 2","Kearsarge","","AZL/S119-E105 R","Rare","Near Mint","0.19","","1.4000","0.0900","1","0","0.1500",""
"8960244","Weiss Schwarz","Azur Lane Vol. 2","Kirishima","","AZL/S119-E059 C","Common","Near Mint","0.05","","1.3200","0.0100","1","0","0.1500",""
"8959564","Weiss Schwarz","Azur Lane Vol. 2","Light Cruiser, Belfast","","AZL/S119-E003 RR","Double Rare","Near Mint","0.90","","2.0000","0.6900","1","0","0.7000",""
"8960704","Weiss Schwarz","Azur Lane Vol. 2","Light Cruiser, Pamiat' Merkuria","","AZL/S119-E098 RR","Double Rare","Near Mint","0.43","","1.5000","0.1900","1","0","0.2100",""
"8959534","Weiss Schwarz","Azur Lane Vol. 2","Light Cruiser, Sirius","","AZL/S119-E001 RR","Double Rare","Near Mint","1.79","","3.0000","1.6900","0","0","1.9800",""
"8961009","Weiss Schwarz","Azur Lane Vol. 2","Louisville","","AZL/S119-E124 C","Common","Near Mint","0.09","","1.3200","0.0100","1","0","0.1500",""
"8960429","Weiss Schwarz","Azur Lane Vol. 2","Marco Polo","","AZL/S119-E073 R","Rare","Near Mint","0.21","","1.4600","0.1500","1","0","0.1500",""
"8959849","Weiss Schwarz","Azur Lane Vol. 2","Mogador","","AZL/S119-E026 C","Common","Near Mint","0.10","","1.3500","0.0400","1","0","0.1500",""
"8960959","Weiss Schwarz","Azur Lane Vol. 2","Morrison","","AZL/S119-E119 C","Common","Near Mint","0.08","","1.3300","0.0200","1","0","0.1500",""
"8960264","Weiss Schwarz","Azur Lane Vol. 2","Owari","","AZL/S119-E061 C","Common","Near Mint","0.14","","1.3200","0.0100","1","0","0.1500",""
"8959629","Weiss Schwarz","Azur Lane Vol. 2","Plymouth","","AZL/S119-E007 R","Rare","Near Mint","0.23","","1.4100","0.1000","1","0","0.1500",""
"8960594","Weiss Schwarz","Azur Lane Vol. 2","Pola","","AZL/S119-E088 C","Common","Near Mint","0.12","","1.3200","0.0100","1","0","0.1500",""
"8960384","Weiss Schwarz","Azur Lane Vol. 2","Prinz Rupprecht","","AZL/S119-E070 R","Rare","Near Mint","0.18","","1.4100","0.1000","1","0","0.1500",""
"8960124","Weiss Schwarz","Azur Lane Vol. 2","Ryuuhou","","AZL/S119-E047 U","Uncommon","Near Mint","0.07","","1.3200","0.0100","1","0","0.1500",""
"8960839","Weiss Schwarz","Azur Lane Vol. 2","San Jacinto","","AZL/S119-E107 U","Uncommon","Near Mint","0.17","","1.4100","0.1000","1","0","0.1500",""
"8960859","Weiss Schwarz","Azur Lane Vol. 2","Seattle","","AZL/S119-E109 U","Uncommon","Near Mint","0.08","","1.3200","0.0100","1","0","0.1500",""
"8959719","Weiss Schwarz","Azur Lane Vol. 2","Surcouf","","AZL/S119-E013 U","Uncommon","Near Mint","0.10","","1.3300","0.0200","1","0","0.1500",""
"8959799","Weiss Schwarz","Azur Lane Vol. 2","Theseus","","AZL/S119-E021 C","Common","Near Mint","0.11","","1.3300","0.0200","1","0","0.1500",""
"8960584","Weiss Schwarz","Azur Lane Vol. 2","Thuringen","","AZL/S119-E087 C","Common","Near Mint","0.08","","1.3200","0.0100","1","0","0.1500",""
"8960084","Weiss Schwarz","Azur Lane Vol. 2","Unzen","","AZL/S119-E044 R","Rare","Near Mint","0.21","","1.4100","0.1000","1","0","0.1500",""
"8960899","Weiss Schwarz","Azur Lane Vol. 2","West Virginia","","AZL/S119-E113 U","Uncommon","Near Mint","0.07","","1.3200","0.0100","1","0","0.1500",""
"8960534","Weiss Schwarz","Azur Lane Vol. 2","Z28","","AZL/S119-E082 U","Uncommon","Near Mint","0.09","","1.3300","0.0200","1","0","0.1500",""
"8365970","Weiss Schwarz","Frieren: Beyond Journey’s End","A Mere Ten-Year Adventure","","SFN/S108-E023 CR","Climax Rare","Near Mint","0.16","","1.3900","0.0800","1","0","0.1500",""
"8366360","Weiss Schwarz","Frieren: Beyond Journey’s End","A Priest's Job, Sein","","SFN/S108-E062 C","Common","Near Mint","0.05","","1.3200","0.0100","1","0","0.1500",""
"8366775","Weiss Schwarz","Frieren: Beyond Journey’s End","Awkward Distance, Fern","","SFN/S108-E103 C","Common","Near Mint","0.10","","1.3500","0.0400","1","0","0.1500",""
"8366425","Weiss Schwarz","Frieren: Beyond Journey’s End","Believing in Her Words","","SFN/S108-E068 CR","Climax Rare","Near Mint","0.08","","1.3200","0.0100","1","0","0.1500",""
"8366765","Weiss Schwarz","Frieren: Beyond Journey’s End","Birthday Celebration, Fern","","SFN/S108-E102 C","Common","Near Mint","0.09","","1.3500","0.0400","2","0","0.1500",""
"8366755","Weiss Schwarz","Frieren: Beyond Journey’s End","Birthday Celebration, Frieren","","SFN/S108-E101 C","Common","Near Mint","0.12","","1.3600","0.0500","2","0","0.1500",""
"8366605","Weiss Schwarz","Frieren: Beyond Journey’s End","Cold Glare, Fern","","SFN/S108-E086 U","Uncommon","Near Mint","0.16","","1.3600","0.0500","1","0","0.1500",""
"8366695","Weiss Schwarz","Frieren: Beyond Journey’s End","Commendable Feat, Fern","","SFN/S108-E095 C","Common","Near Mint","0.11","","1.3600","0.0500","2","0","0.1500",""
"8366190","Weiss Schwarz","Frieren: Beyond Journey’s End","Cowardly and Unfair Way to Fight","","SFN/S108-E045 CR","Climax Rare","Near Mint","0.07","","1.3500","0.0400","1","0","0.1500",""
"8366280","Weiss Schwarz","Frieren: Beyond Journey’s End","Days in the Northern Lands, Stark","","SFN/S108-E054 U","Uncommon","Near Mint","0.10","","1.3600","0.0500","1","0","0.1500",""
"8366725","Weiss Schwarz","Frieren: Beyond Journey’s End","Demons' Attack, Frieren","","SFN/S108-E098 C","Common","Near Mint","0.08","","1.3400","0.0300","1","0","0.1500",""
"8366100","Weiss Schwarz","Frieren: Beyond Journey’s End","Denken","","SFN/S108-E036 C","Common","Near Mint","0.07","","1.3200","0.0100","1","0","0.1500",""
"8366340","Weiss Schwarz","Frieren: Beyond Journey’s End","Eisen's Apprentice, Stark","","SFN/S108-E060 C","Common","Near Mint","0.08","","1.3200","0.0100","2","0","0.1500",""
"8365960","Weiss Schwarz","Frieren: Beyond Journey’s End","Eternal Love","","SFN/S108-E022 CR","Climax Rare","Near Mint","0.14","","1.3800","0.0700","1","0","0.1500",""
"8366130","Weiss Schwarz","Frieren: Beyond Journey’s End","""Executioner"" Draht","","SFN/S108-E039 C","Common","Near Mint","0.06","","1.3200","0.0100","1","0","0.1500",""
"8366685","Weiss Schwarz","Frieren: Beyond Journey’s End","Extermination Request, Fern","","SFN/S108-E094 C","Common","Near Mint","0.13","","1.3200","0.0100","1","0","0.1500",""
"8366495","Weiss Schwarz","Frieren: Beyond Journey’s End","Fern & Frieren","","SFN/S108-E075 R","Rare","Near Mint","0.14","","1.3600","0.0500","0","0","0.1500",""
"8366705","Weiss Schwarz","Frieren: Beyond Journey’s End","Frieren Freezing","","SFN/S108-E096 C","Common","Near Mint","0.14","","1.3500","0.0400","1","0","0.1500",""
"8366855","Weiss Schwarz","Frieren: Beyond Journey’s End","Fully-Fledged Mage","","SFN/S108-E111 CR","Climax Rare","Near Mint","0.15","","1.3700","0.0600","1","0","0.1500",""
"8366370","Weiss Schwarz","Frieren: Beyond Journey’s End","He's Just a Child... Stark","","SFN/S108-E063 C","Common","Near Mint","0.08","","1.3600","0.0500","2","0","0.1500",""
"8366835","Weiss Schwarz","Frieren: Beyond Journey’s End","Hero","","SFN/S108-E109 CR","Climax Rare","Near Mint","0.14","","1.4100","0.1000","1","0","0.1500",""
"8365880","Weiss Schwarz","Frieren: Beyond Journey’s End","""Hero's Sword"" Himmel","","SFN/S108-E014 U","Uncommon","Near Mint","0.15","","1.3500","0.0400","1","0","0.1500",""
"8366120","Weiss Schwarz","Frieren: Beyond Journey’s End","""Imitation Magic"" Linie","","SFN/S108-E038 C","Common","Near Mint","0.07","","1.3200","0.0100","1","0","0.1500",""
"8366445","Weiss Schwarz","Frieren: Beyond Journey’s End","In the Midst of Their Journey","","SFN/S108-E070 CR","Climax Rare","Near Mint","0.14","","1.3500","0.0400","1","0","0.1500",""
"8365920","Weiss Schwarz","Frieren: Beyond Journey’s End","""Journey That Touches People's Hearts"" Frieren","","SFN/S108-E018 U","Uncommon","Near Mint","0.12","","1.3600","0.0500","1","0","0.1500",""
"8366070","Weiss Schwarz","Frieren: Beyond Journey’s End","Kanne","","SFN/S108-E033 C","Common","Near Mint","0.11","","1.3300","0.0100","2","0","0.1500",""
"8366050","Weiss Schwarz","Frieren: Beyond Journey’s End","Land","","SFN/S108-E031 U","Uncommon","Near Mint","0.06","","1.3200","0.0100","1","0","0.1500",""
"8366080","Weiss Schwarz","Frieren: Beyond Journey’s End","Lawine","","SFN/S108-E034 C","Common","Near Mint","0.06","","1.3200","0.0100","2","0","0.1500",""
"8366320","Weiss Schwarz","Frieren: Beyond Journey’s End","Long Journey, Eisen","","SFN/S108-E058 C","Common","Near Mint","0.06","","1.3200","0.0100","1","0","0.1500",""
"8366615","Weiss Schwarz","Frieren: Beyond Journey’s End","Long-Lived Friend, Frieren","","SFN/S108-E087 U","Uncommon","Near Mint","0.10","","1.3600","0.0500","1","0","0.1500",""
"8366475","Weiss Schwarz","Frieren: Beyond Journey’s End","""Mage"" Fern","","SFN/S108-E073 RR","Double Rare","Near Mint","13.91","","12.9500","11.4600","0","0","12.0000",""
"8366715","Weiss Schwarz","Frieren: Beyond Journey’s End","""Mage Who's Lived For Over a Thousand Years"" Frieren","","SFN/S108-E097 C","Common","Near Mint","0.11","","1.3500","0.0400","2","0","0.1500",""
"8366405","Weiss Schwarz","Frieren: Beyond Journey’s End","Magic for Finding Lost Accessories","","SFN/S108-E066 U","Uncommon","Near Mint","0.19","","1.4600","0.1500","1","0","0.1500",""
"8365950","Weiss Schwarz","Frieren: Beyond Journey’s End","Magic That Removes Rust From Bronze Statues","","SFN/S108-E021 U","Uncommon","Near Mint","0.13","","1.3200","0.0100","1","0","0.1500",""
"8366160","Weiss Schwarz","Frieren: Beyond Journey’s End","Magic That Subjugates Opponents","","SFN/S108-E042 U","Uncommon","Near Mint","0.10","","1.3200","0.0100","1","0","0.1500",""
"8366805","Weiss Schwarz","Frieren: Beyond Journey’s End","Magic That Turns Sweet Grapes Into Sour Ones","","SFN/S108-E106 U","Uncommon","Near Mint","0.17","","1.4000","0.0900","1","0","0.1500",""
"8366330","Weiss Schwarz","Frieren: Beyond Journey’s End","""Magic to See Through Clothing"" Fern","","SFN/S108-E059 C","Common","Near Mint","0.14","","1.3600","0.0500","1","0","0.1500",""
"8366435","Weiss Schwarz","Frieren: Beyond Journey’s End","Master's Teachings","","SFN/S108-E069 CR","Climax Rare","Near Mint","0.11","","1.3600","0.0500","1","0","0.1500",""
"8366635","Weiss Schwarz","Frieren: Beyond Journey’s End","Meal With Her Apprentice, Frieren","","SFN/S108-E089 U","Uncommon","Near Mint","0.12","","1.3600","0.0500","1","0","0.1500",""
"8366645","Weiss Schwarz","Frieren: Beyond Journey’s End","Meal With Her Master, Fern","","SFN/S108-E090 C","Common","Near Mint","0.08","","1.3600","0.0500","1","0","0.1500",""
"8366040","Weiss Schwarz","Frieren: Beyond Journey’s End","Methode","","SFN/S108-E030 U","Uncommon","Near Mint","0.11","","1.3400","0.0300","1","0","0.1500",""
"8366090","Weiss Schwarz","Frieren: Beyond Journey’s End","Mimic","","SFN/S108-E035 C","Common","Near Mint","0.14","","1.3600","0.0500","1","0","0.1500",""
"8366745","Weiss Schwarz","Frieren: Beyond Journey’s End","Morning Preparations, Frieren","","SFN/S108-E100 C","Common","Near Mint","0.13","","1.3600","0.0500","2","0","0.1500",""
"8366815","Weiss Schwarz","Frieren: Beyond Journey’s End","Ordinary Offensive Magic","","SFN/S108-E107 U","Uncommon","Near Mint","0.15","","1.4100","0.1000","1","0","0.1500",""
"8366625","Weiss Schwarz","Frieren: Beyond Journey’s End","Passing Through the Checkpoint, Frieren","","SFN/S108-E088 U","Uncommon","Near Mint","0.12","","1.3500","0.0400","1","0","0.1500",""
"8366170","Weiss Schwarz","Frieren: Beyond Journey’s End","Phantom Magic","","SFN/S108-E043 U","Uncommon","Near Mint","0.09","","1.3300","0.0200","1","0","0.1500",""
"8366380","Weiss Schwarz","Frieren: Beyond Journey’s End","Pouting Fern","","SFN/S108-E064 C","Common","Near Mint","0.12","","1.3600","0.0500","1","0","0.1500",""
"8366655","Weiss Schwarz","Frieren: Beyond Journey’s End","Present to Stark, Frieren","","SFN/S108-E091 C","Common","Near Mint","0.13","","1.3600","0.0500","1","0","0.1500",""
"8366415","Weiss Schwarz","Frieren: Beyond Journey’s End","Privilege of the Young","","SFN/S108-E067 CR","Climax Rare","Near Mint","0.10","","1.3700","0.0600","1","0","0.1500",""
"8365860","Weiss Schwarz","Frieren: Beyond Journey’s End","Reason for Making Statues, Himmel","","SFN/S108-E012 U","Uncommon","Near Mint","0.14","","1.3200","0.0100","1","0","0.1500",""
"8365980","Weiss Schwarz","Frieren: Beyond Journey’s End","Regret","","SFN/S108-E024 CR","Climax Rare","Near Mint","0.17","","1.3700","0.0600","0","0","0.1500",""
"8366140","Weiss Schwarz","Frieren: Beyond Journey’s End","""Sage of Destruction"" Aura","","SFN/S108-E040 C","Common","Near Mint","0.07","","1.3200","0.0100","2","0","0.1500",""
"8366180","Weiss Schwarz","Frieren: Beyond Journey’s End","Scales of Obedience","","SFN/S108-E044 CR","Climax Rare","Near Mint","0.13","","1.3200","0.0100","1","0","0.1500",""
"8366350","Weiss Schwarz","Frieren: Beyond Journey’s End","""Sinful Priest"" Sein","","SFN/S108-E061 C","Common","Near Mint","0.08","","1.3300","0.0100","1","0","0.1500",""
"8366665","Weiss Schwarz","Frieren: Beyond Journey’s End","Social Gathering, Frieren","","SFN/S108-E092 C","Common","Near Mint","0.11","","1.3600","0.0500","1","0","0.1500",""
"8366290","Weiss Schwarz","Frieren: Beyond Journey’s End","Social Gathering, Stark","","SFN/S108-E055 U","Uncommon","Near Mint","0.09","","1.3500","0.0400","1","0","0.1500",""
"8366150","Weiss Schwarz","Frieren: Beyond Journey’s End","Solar Dragon","","SFN/S108-E041 C","Common","Near Mint","0.03","","1.3200","0.0100","1","0","0.1500",""
"8365900","Weiss Schwarz","Frieren: Beyond Journey’s End","Someone Who Praises You, Frieren","","SFN/S108-E016 U","Uncommon","Near Mint","0.14","","1.3500","0.0400","1","0","0.1500",""
"8365910","Weiss Schwarz","Frieren: Beyond Journey’s End","Statue of the Party of Heroes","","SFN/S108-E017 U","Uncommon","Near Mint","0.13","","1.3200","0.0100","1","0","0.1500",""
"8366675","Weiss Schwarz","Frieren: Beyond Journey’s End","Tailing, Fern","","SFN/S108-E093 C","Common","Near Mint","0.09","","1.3500","0.0400","1","0","0.1500",""
"8366060","Weiss Schwarz","Frieren: Beyond Journey’s End","The Elder Sage of Corruption, Qual","","SFN/S108-E032 U","Uncommon","Near Mint","0.08","","1.3300","0.0100","1","0","0.1500",""
"8365890","Weiss Schwarz","Frieren: Beyond Journey’s End","""The Party of Heroes"" Eisen","","SFN/S108-E015 U","Uncommon","Near Mint","0.13","","1.3600","0.0500","1","0","0.1500",""
"8365870","Weiss Schwarz","Frieren: Beyond Journey’s End","""The Party of Heroes"" Frieren","","SFN/S108-E013 U","Uncommon","Near Mint","0.14","","1.3600","0.0500","1","0","0.1500",""
"8365850","Weiss Schwarz","Frieren: Beyond Journey’s End","""The Party of Heroes"" Heiter","","SFN/S108-E011 U","Uncommon","Near Mint","0.17","","1.3600","0.0500","1","0","0.1500",""
"8366595","Weiss Schwarz","Frieren: Beyond Journey’s End","Thinking, Frieren","","SFN/S108-E085 U","Uncommon","Near Mint","0.11","","1.3400","0.0300","1","0","0.1500",""
"8365840","Weiss Schwarz","Frieren: Beyond Journey’s End","Tired of Waiting, Eisen","","SFN/S108-E010 U","Uncommon","Near Mint","0.12","","1.3500","0.0400","1","0","0.1500",""
"8366300","Weiss Schwarz","Frieren: Beyond Journey’s End","Type That's the Hardest to Deal With, Stark","","SFN/S108-E056 U","Uncommon","Near Mint","0.10","","1.3300","0.0100","1","0","0.1500",""
"8366585","Weiss Schwarz","Frieren: Beyond Journey’s End","Victory and Mourning, Frieren","","SFN/S108-E084 U","Uncommon","Near Mint","0.09","","1.3400","0.0300","1","0","0.1500",""
"8366030","Weiss Schwarz","Frieren: Beyond Journey’s End","Wirbel","","SFN/S108-E029 U","Uncommon","Near Mint","0.09","","1.3200","0.0100","1","0","0.1500",""
"8366110","Weiss Schwarz","Frieren: Beyond Journey’s End","Words of Deceit, Lugner","","SFN/S108-E037 C","Common","Near Mint","0.06","","1.3200","0.0100","2","0","0.1500",""
"8668851","Weiss Schwarz","GODDESS OF VICTORY: NIKKE","""Altruism"" Emma","","NIK/S117-TE16 TD","Trial Deck","Near Mint","0.18","","1.4500","0.1400","1","0","0.1500",""
"8667196","Weiss Schwarz","GODDESS OF VICTORY: NIKKE","""As Long As We're With Friends"" Naga","","NIK/S117-E003 RR","Double Rare","Near Mint","0.31","","1.4600","0.1500","1","0","0.1500",""
"8668286","Weiss Schwarz","GODDESS OF VICTORY: NIKKE","""AZX"" Brid","","NIK/S117-E090 R","Rare","Near Mint","0.08","","1.3900","0.0800","1","0","0.1500",""
"8667626","Weiss Schwarz","GODDESS OF VICTORY: NIKKE","Blanc: White Rabbit","","NIK/S117-E037 R","Rare","Near Mint","0.20","","1.4500","0.1400","1","0","0.1500",""
"8667421","Weiss Schwarz","GODDESS OF VICTORY: NIKKE","""BOOM Install"" Elegg","","NIK/S117-E021 C","Common","Near Mint","0.11","","1.3500","0.0400","1","0","0.1500",""
"8667371","Weiss Schwarz","GODDESS OF VICTORY: NIKKE","Class Clown, Anis","","NIK/S117-E016 U","Uncommon","Near Mint","0.13","","1.3600","0.0500","1","0","0.1500",""
"8668741","Weiss Schwarz","GODDESS OF VICTORY: NIKKE","Coin Rush's Poster Girl, Noir","","NIK/S117-TE06 TD","Trial Deck","Near Mint","0.22","","1.4900","0.1800","1","0","0.1900",""
"8668511","Weiss Schwarz","GODDESS OF VICTORY: NIKKE","""Colossal Single Cell"" Ether","","NIK/S117-E108 C","Common","Near Mint","0.08","","1.3500","0.0400","1","0","0.1500",""
"8668026","Weiss Schwarz","GODDESS OF VICTORY: NIKKE","""Da Capo Aria"" Aria","","NIK/S117-E068 U","Uncommon","Near Mint","0.06","","1.3500","0.0400","1","0","0.1500",""
"8667601","Weiss Schwarz","GODDESS OF VICTORY: NIKKE","""Dragon of the Deep"" Guillotine","","NIK/S117-E035 R","Rare","Near Mint","0.14","","1.4100","0.1000","1","0","0.1500",""
"8668106","Weiss Schwarz","GODDESS OF VICTORY: NIKKE","""Emergency Signal"" Signal","","NIK/S117-E076 C","Common","Near Mint","0.05","","1.3200","0.0100","1","0","0.1500",""
"8668126","Weiss Schwarz","GODDESS OF VICTORY: NIKKE","""Fair and Square!"" Moran","","NIK/S117-E078 C","Common","Near Mint","0.08","","1.3300","0.0200","1","0","0.1500",""
"8667556","Weiss Schwarz","GODDESS OF VICTORY: NIKKE","""Finale"" Noir","","NIK/S117-E032 RR","Double Rare","Near Mint","0.49","","1.5500","0.2400","1","0","0.2400",""
"8668346","Weiss Schwarz","GODDESS OF VICTORY: NIKKE","""Garden of Shangri-La"" Rapunzel","","NIK/S117-E094 R","Rare","Near Mint","0.15","","1.3500","0.0400","1","0","0.1500",""
"8668541","Weiss Schwarz","GODDESS OF VICTORY: NIKKE","""Goddess of Victory""","","NIK/S117-E111 C","Common","Near Mint","0.09","","1.3200","0.0100","1","0","0.1500",""
"8667466","Weiss Schwarz","GODDESS OF VICTORY: NIKKE","GOLDEN SHIP","","NIK/S117-E025 U","Uncommon","Near Mint","0.09","","1.3500","0.0400","1","0","0.1500",""
"8667721","Weiss Schwarz","GODDESS OF VICTORY: NIKKE","""Gotcha..."" Guilty","","NIK/S117-E046 U","Uncommon","Near Mint","0.11","","1.3500","0.0400","1","0","0.1500",""
"8667266","Weiss Schwarz","GODDESS OF VICTORY: NIKKE","Helm: Aquamarine","","NIK/S117-E008 R","Rare","Near Mint","0.15","","1.4000","0.0900","1","0","0.1500",""
"8668816","Weiss Schwarz","GODDESS OF VICTORY: NIKKE","Holy Prayer, Rapunzel","","NIK/S117-TE13 TD","Trial Deck","Near Mint","0.16","","1.4500","0.1400","1","0","0.1500",""
"8667826","Weiss Schwarz","GODDESS OF VICTORY: NIKKE","KILL THE LORD","","NIK/S117-E054 U","Uncommon","Near Mint","0.10","","1.3600","0.0500","1","0","0.1500",""
"8667156","Weiss Schwarz","GODDESS OF VICTORY: NIKKE","""Lizard's Protection"" Tia","","NIK/S117-E001 RR","Double Rare","Near Mint","5.02","","7.2500","5.9400","0","0","5.8000",""
"8667646","Weiss Schwarz","GODDESS OF VICTORY: NIKKE","Mary: Bay Goddess","","NIK/S117-E039 R","Rare","Near Mint","0.18","","1.3900","0.0800","1","0","0.1500",""
"8668521","Weiss Schwarz","GODDESS OF VICTORY: NIKKE","""Mealtime"" Ade","","NIK/S117-E109 C","Common","Near Mint","0.09","","1.3200","0.0100","1","0","0.1500",""
"8667886","Weiss Schwarz","GODDESS OF VICTORY: NIKKE","Modernia: First Affection","","NIK/S117-E059 RR","Double Rare","Near Mint","3.00","","4.9700","3.6600","0","0","2.9800",""
"8668906","Weiss Schwarz","GODDESS OF VICTORY: NIKKE","""New World"" Modernia","","NIK/S117-TE21 TD","Trial Deck","Near Mint","0.55","","1.7000","0.3900","1","0","0.4200",""
"8668806","Weiss Schwarz","GODDESS OF VICTORY: NIKKE","NO CALLER ID","","NIK/S117-TE12 TD","Trial Deck","Near Mint","0.20","","1.4100","0.1000","1","0","0.1600",""
"8667636","Weiss Schwarz","GODDESS OF VICTORY: NIKKE","Noir: Black Rabbit","","NIK/S117-E038 R","Rare","Near Mint","0.24","","1.4300","0.1200","1","0","0.1500",""
"8667976","Weiss Schwarz","GODDESS OF VICTORY: NIKKE","Noise: Classic Diva","","NIK/S117-E064 R","Rare","Near Mint","0.21","","1.4800","0.1700","1","0","0.1700",""
"8667781","Weiss Schwarz","GODDESS OF VICTORY: NIKKE","""Partisan Protocol"" Exia","","NIK/S117-E051 C","Common","Near Mint","0.07","","1.3400","0.0300","1","0","0.1500",""
"8668461","Weiss Schwarz","GODDESS OF VICTORY: NIKKE","""Penetrating Stare"" Quiry","","NIK/S117-E103 C","Common","Near Mint","0.08","","1.3200","0.0100","1","0","0.1500",""
"8667701","Weiss Schwarz","GODDESS OF VICTORY: NIKKE","""Pepper Therapy"" Pepper","","NIK/S117-E044 U","Uncommon","Near Mint","0.06","","1.3400","0.0300","1","0","0.1500",""
"8668146","Weiss Schwarz","GODDESS OF VICTORY: NIKKE","Piercing Red Fang","","NIK/S117-E080 U","Uncommon","Near Mint","0.09","","1.3600","0.0500","1","0","0.1500",""
"8668696","Weiss Schwarz","GODDESS OF VICTORY: NIKKE","""Pinpoint Missile"" Anis","","NIK/S117-TE02 TD","Trial Deck","Near Mint","0.52","","1.7400","0.4300","1","0","0.4300",""
"8668221","Weiss Schwarz","GODDESS OF VICTORY: NIKKE","Privaty: Unkind Maid","","NIK/S117-E086 RR","Double Rare","Near Mint","0.67","","1.7000","0.3900","0","0","0.3900",""
"8668471","Weiss Schwarz","GODDESS OF VICTORY: NIKKE","""Professional Maid Leader"" Cocoa","","NIK/S117-E104 C","Common","Near Mint","0.07","","1.3500","0.0400","1","0","0.1500",""
"8668841","Weiss Schwarz","GODDESS OF VICTORY: NIKKE","Puritanical Pilgrim, Snow White","","NIK/S117-TE15 TD","Trial Deck","Near Mint","0.22","","1.4500","0.1400","1","0","0.1500",""
"8667316","Weiss Schwarz","GODDESS OF VICTORY: NIKKE","Rapi: Classic Vacation","","NIK/S117-E011 U","Uncommon","Near Mint","0.17","","1.4100","0.1000","1","0","0.1500",""
"8668256","Weiss Schwarz","GODDESS OF VICTORY: NIKKE","""Realization"" Marian","","NIK/S117-E088 R","Rare","Near Mint","0.18","","1.3600","0.0500","1","0","0.1500",""
"8668076","Weiss Schwarz","GODDESS OF VICTORY: NIKKE","""Remember Me"" Delta","","NIK/S117-E073 C","Common","Near Mint","0.08","","1.3300","0.0200","1","0","0.1500",""
"8668301","Weiss Schwarz","GODDESS OF VICTORY: NIKKE","""Seven Dwarves: I"" Snow White","","NIK/S117-E091 R","Rare","Near Mint","0.11","","1.3900","0.0800","1","0","0.1500",""
"8667226","Weiss Schwarz","GODDESS OF VICTORY: NIKKE","""Snake Bite"" Viper","","NIK/S117-E005 R","Rare","Near Mint","0.15","","1.3600","0.0500","1","0","0.1500",""
"8668491","Weiss Schwarz","GODDESS OF VICTORY: NIKKE","""Sonic Chaser"" Isabel","","NIK/S117-E106 C","Common","Near Mint","0.10","","1.3300","0.0200","1","0","0.1500",""
"8667431","Weiss Schwarz","GODDESS OF VICTORY: NIKKE","Sparkling Accessory, Naga","","NIK/S117-E022 C","Common","Near Mint","0.07","","1.3500","0.0400","1","0","0.1500",""
"8668271","Weiss Schwarz","GODDESS OF VICTORY: NIKKE","""Spring Cleaning"" Soda","","NIK/S117-E089 R","Rare","Near Mint","0.21","","1.3900","0.0800","1","0","0.1500",""
"8668376","Weiss Schwarz","GODDESS OF VICTORY: NIKKE","""Sprint"" Folkwang","","NIK/S117-E096 U","Uncommon","Near Mint","0.12","","1.3500","0.0400","1","0","0.1500",""
"8668421","Weiss Schwarz","GODDESS OF VICTORY: NIKKE","""Strawberry Shock"" Diesel","","NIK/S117-E100 U","Uncommon","Near Mint","0.08","","1.3600","0.0500","1","0","0.1500",""
"8667381","Weiss Schwarz","GODDESS OF VICTORY: NIKKE","Sugary Desserts, Tia","","NIK/S117-E017 U","Uncommon","Near Mint","0.08","","1.3500","0.0400","1","0","0.1500",""
"8668136","Weiss Schwarz","GODDESS OF VICTORY: NIKKE","""The Great Escape"" Quency","","NIK/S117-E079 C","Common","Near Mint","0.11","","1.3200","0.0100","1","0","0.1500",""
"8668096","Weiss Schwarz","GODDESS OF VICTORY: NIKKE","""Turn up the Volume!"" Volume","","NIK/S117-E075 C","Common","Near Mint","0.14","","1.3200","0.0100","1","0","0.1500",""
"8668876","Weiss Schwarz","GODDESS OF VICTORY: NIKKE","""Turning the Tide"" Eunhwa","","NIK/S117-TE18 TD","Trial Deck","Near Mint","0.17","","1.4500","0.1400","1","0","0.1500",""
"8668386","Weiss Schwarz","GODDESS OF VICTORY: NIKKE","""U Mad Bro?"" Noah","","NIK/S117-E097 U","Uncommon","Near Mint","0.09","","1.3900","0.0800","1","0","0.1500",""
"3919016","Weiss Schwarz","KonoSuba 2","Swimsuit Eris","","KS/W55-E081 R","Rare","Near Mint","3.18","","5.8100","4.5000","0","0","9.0000",""
